Actual_Exited,LR_Prob,RF_Prob,DL_Prob
0,0.17682782361542904,0.04,0.011216509
0,0.14651554875677528,0.08,0.0009977012
0,0.24861410850568239,0.19,0.022192057
0,0.537648780011184,0.14,0.030763544
0,0.1025340950088642,0.06,0.014461086
0,0.11166192163629532,0.0,0.00020360162
0,0.13509678908900924,0.13,0.041918915
1,0.16335255543794294,0.27,0.08179487
0,0.20485528482497514,0.39,0.12642354
0,0.40552949689650725,0.3,0.6784741
1,0.41181156675635033,0.85,0.993122
1,0.39674835843669615,0.92,0.9783525
1,0.18064363821005666,0.63,0.5718885
0,0.39054350166192797,0.29,0.5196036
0,0.03684788388799943,0.06,0.0014002277
0,0.16708579372762447,0.19,0.057317927
0,0.427304325354063,0.13,0.042342693
0,0.26161661075857506,0.17,0.020049348
0,0.15465182426222343,0.09,0.00057761784
0,0.16693655414410713,0.13,0.0087046595
0,0.19468607125863374,0.1,0.013801515
0,0.09426800852547251,0.01,0.0006246763
1,0.23691989861273868,0.16,0.017014632
0,0.11166192163629532,0.16,0.026999868
0,0.4890697782295343,0.06,0.006989494
1,0.29799009222115097,0.45,0.49453777
0,0.19577903333066957,0.05,0.021869354
0,0.06673834584419841,0.06,0.0010682183
0,0.12113479751245324,0.23,0.0009879039
0,0.12456993952147402,0.18,0.014362456
0,0.11452297479729641,0.05,0.007963837
0,0.17581752984387125,0.08,0.00807008
0,0.24841376696423775,0.15,0.15340203
0,0.09974592357401954,0.0,0.0013917736
0,0.09435964163291091,0.14,0.026958983
1,0.29205735755295936,0.74,0.88683754
1,0.3328703986556711,0.46,0.5248249
0,0.1503926606101201,0.03,0.0014684832
0,0.1180188928340928,0.06,0.03288031
0,0.1584179519705158,0.01,0.001060404
1,0.11155555588860706,0.11,0.0354319
1,0.24841376696423775,0.44,0.54167837
0,0.09974592357401954,0.01,0.0010726854
0,0.13886530572224498,0.35,0.0040005646
1,0.13886530572224498,0.29,0.04618222
0,0.2738785856898918,0.02,0.0038402448
0,0.05595858926858609,0.01,0.0015585443
0,0.420693596960761,0.09,0.046197407
1,0.11155555588860706,0.07,0.01156977
0,0.15856102551379528,0.06,0.013502329
0,0.2864922889939251,0.1,0.004239157
0,0.18506601212959747,0.16,0.07606583
0,0.23691989861273868,0.4,0.5103481
1,0.20581533121074916,0.41,0.29079232
1,0.2604816454410846,0.97,0.99984425
0,0.1179072753574558,0.32,0.19486876
0,0.09691954213194186,0.1,0.0021414228
0,0.19468607125863374,0.21,0.017534265
0,0.22579806951544695,0.46,0.26837283
0,0.26161661075857506,0.06,0.002676578
0,0.07074145897362832,0.02,0.004075894
0,0.1503926606101201,0.02,0.002081227
0,0.3328703986556711,0.39,0.39671043
0,0.3191280472416421,0.34,0.23996672
0,0.1025340950088642,0.08,0.023968326
0,0.19485431606419867,0.07,0.16598968
0,0.10243542153190564,0.03,0.002545098
0,0.671248491954847,0.21,0.15815435
1,0.36884446458040293,0.75,0.7293714
0,0.15856102551379528,0.08,0.019007182
0,0.07941999547845319,0.05,0.0072856355
0,0.40552949689650725,0.43,0.34668505
1,0.17156963117389576,0.62,0.2742534
0,0.0749654000751385,0.08,0.024385536
0,0.07941999547845319,0.02,0.004703587
0,0.2602750532909016,0.27,0.18584453
0,0.05274452682736037,0.0,0.00011237814
0,0.23817983558600928,0.01,0.0041284515
0,0.17172215889258288,0.17,0.0059472932
0,0.2435920059500436,0.11,0.3951346
0,0.11452297479729641,0.03,0.00091618794
0,0.7537549089382439,0.45,0.48436365
1,0.2864922889939251,0.61,0.4304699
0,0.24841376696423775,0.27,0.10029667
0,0.19008743583103485,0.41,0.13663141
1,0.49820672385828063,0.64,0.9673277
0,0.4890697782295343,0.32,0.072681695
1,0.24841376696423775,0.67,0.34983498
0,0.08419790368137989,0.01,0.0036120296
0,0.06673834584419841,0.06,0.0026891695
0,0.12783373469455242,0.09,0.009447993
1,0.2150511998049313,0.32,0.212636
0,0.3112382864437366,0.37,0.2746531
0,0.08914824157915796,0.0,0.0010528147
0,0.22066591338761263,0.14,0.034251302
1,0.13578574272972732,0.14,0.008345718
0,0.17682782361542904,0.12,0.017364124
1,0.17208224884136528,0.16,0.013738948
0,0.13886530572224498,0.25,0.058975406
0,0.12456993952147402,0.12,0.012093069
1,0.2994473534870561,0.86,0.994978
1,0.5758061439363927,0.72,0.8788318
0,0.13886530572224498,0.1,0.03242798
0,0.18064363821005666,0.05,0.022730075
0,0.08411522214392046,0.04,0.004317971
0,0.08411522214392046,0.01,0.00042826665
1,0.1545116303649024,0.62,0.1226044
0,0.1584179519705158,0.02,0.008420714
0,0.08411522214392046,0.03,0.013245775
1,0.2738785856898918,0.76,0.5436785
0,0.11155555588860706,0.08,0.011703716
1,0.5449976849348384,0.67,0.9618384
0,0.0914918504933156,0.05,0.0037050946
1,0.18611744905072652,0.15,0.015014003
0,0.1179072753574558,0.13,0.0071101664
0,0.08914824157915796,0.0,0.00044906943
0,0.29258064769426106,0.16,0.14473496
0,0.1025340950088642,0.13,0.033081796
1,0.5138408604918197,0.73,0.9533444
0,0.3821316616375599,0.87,0.9105795
1,0.13155294630068842,0.89,0.9985749
0,0.2790786628638936,0.29,0.066778004
0,0.27980400564519803,0.02,0.0076503796
0,0.09426800852547251,0.09,0.03954635
0,0.09984229450924514,0.03,0.0031825744
0,0.10550508031195226,0.04,0.0056166104
1,0.12102063749670848,0.36,0.043668732
0,0.08914824157915796,0.0,0.00022822277
0,0.420693596960761,0.09,0.06702172
0,0.28529110249009,0.42,0.6113128
0,0.1349714917431766,0.02,0.017483542
0,0.06673834584419841,0.09,0.011342015
0,0.2553012675915263,0.06,0.009111351
0,0.2918356049823385,0.01,0.013875082
0,0.06294641600219503,0.02,0.001077594
0,0.14257379362574826,0.0,0.005472793
0,0.13899363697381537,0.05,0.0068200007
0,0.0749654000751385,0.06,0.0054022814
0,0.1179072753574558,0.01,0.0009871117
0,0.08642372155578099,0.0,0.00030276203
0,0.19577903333066957,0.01,0.027725996
0,0.2553012675915263,0.14,0.12975161
0,0.5449976849348384,0.4,0.30903196
0,0.2259856560013855,0.02,0.010072195
0,0.2435920059500436,0.15,0.039364453
0,0.14651554875677528,0.12,0.022834182
0,0.18506601212959747,0.04,0.009399616
1,0.2918356049823385,0.85,0.9415052
0,0.10550508031195226,0.04,0.00072391453
0,0.40491982410349975,0.09,0.009312292
0,0.08161111885781873,0.01,0.0004620648
0,0.0594161560906166,0.05,0.00019864202
1,0.23225229490985427,0.34,0.20525758
0,0.1349714917431766,0.05,0.0044584773
1,0.19577903333066957,0.28,0.16769424
1,0.2850724186440323,0.29,0.46831143
0,0.16708579372762447,0.26,0.06594098
0,0.09974592357401954,0.05,0.00917481
0,0.06680519255858941,0.03,0.0006492003
0,0.40552949689650725,0.48,0.6440363
0,0.06673834584419841,0.09,0.00051634485
0,0.07074145897362832,0.03,0.0007872311
1,0.3127314737527126,0.62,0.74930245
0,0.18064363821005666,0.51,0.43871665
0,0.0749654000751385,0.01,0.006041429
0,0.17682782361542904,0.11,0.06952476
0,0.1502556414325473,0.01,0.0015153231
0,0.18506601212959747,0.13,0.03316538
0,0.2602750532909016,0.41,0.25490308
0,0.10560636280608836,0.0,0.001688019
0,0.10843484552306676,0.09,0.028405787
0,0.05595858926858609,0.09,0.0056406725
1,0.6269673863399253,0.77,0.9984218
0,0.17156963117389576,0.08,0.006629785
0,0.06680519255858941,0.01,0.00010218249
0,0.08411522214392046,0.03,0.014449305
0,0.12176257307282148,0.09,0.0038916422
0,0.6498395743362073,0.54,0.40871498
0,0.2046806000026874,0.16,0.011317863
0,0.18506601212959747,0.21,0.13293035
0,0.11155555588860706,0.23,0.15567422
0,0.20581533121074916,0.0,0.002114981
0,0.2150511998049313,0.38,0.4213204
1,0.537648780011184,0.91,0.98508966
1,0.2994473534870561,0.26,0.50589645
0,0.1180188928340928,0.06,0.0026549906
0,0.20485528482497514,0.32,0.02293676
0,0.09426800852547251,0.06,0.021744205
0,0.10550508031195226,0.07,0.0011365575
0,0.2046806000026874,0.48,0.09637811
0,0.10243542153190564,0.02,0.0003461642
0,0.6970005161541686,0.04,0.002327208
0,0.1545116303649024,0.33,0.026160184
0,0.4660829380232156,0.09,0.00933153
0,0.18064363821005666,0.55,0.33019477
1,0.26737442629518987,0.81,0.99998325
0,0.23817983558600928,0.11,0.018206518
0,0.06294641600219503,0.0,0.00036059535
0,0.2850724186440323,0.28,0.14963658
0,0.18080247226328167,0.28,0.07994652
0,0.12456993952147402,0.14,0.13655989
0,0.35281590638067584,0.63,0.8411759
0,0.23817983558600928,0.07,0.12767062
1,0.3821316616375599,0.21,0.1368547
0,0.0749654000751385,0.09,0.006575764
1,0.1179072753574558,0.06,0.008232843
0,0.3612069068365152,0.14,0.008945277
1,0.19008743583103485,0.16,0.05530821
0,0.1424427037125816,0.0,0.0051194923
0,0.15934759383625335,0.04,0.16372615
0,0.09974592357401954,0.01,0.021650586
0,0.12456993952147402,0.34,0.034047004
1,0.420693596960761,0.88,0.99999833
0,0.5138408604918197,0.53,0.5160909
0,0.11155555588860706,0.02,0.0003267272
1,0.1584179519705158,0.13,0.20727141
0,0.07074145897362832,0.0,0.0009451173
0,0.20485528482497514,0.24,0.022712559
1,0.5294479586585861,0.79,0.92170775
0,0.0749654000751385,0.11,0.000614085
1,0.4669794850768369,0.57,0.7073396
0,0.15856102551379528,0.08,0.050730143
0,0.3612069068365152,0.29,0.2567096
0,0.04970534898287902,0.0,0.00053120655
0,0.39841448247353806,0.51,0.49530086
0,0.5910073370289236,0.44,0.6046093
0,0.21622779358302818,0.01,0.002273044
0,0.19468607125863374,0.32,0.026096145
0,0.41981592304037285,0.1,0.012804362
0,0.17682782361542904,0.13,0.0024308714
0,0.06300972105960757,0.16,0.008059552
1,0.6912535482536422,0.9,0.9961787
0,0.13886530572224498,0.02,0.014250888
1,0.1584179519705158,0.23,0.23427203
0,0.1179072753574558,0.03,0.0013561177
0,0.07271206125442112,0.05,0.0047179796
0,0.2150511998049313,0.13,0.037198864
0,0.17682782361542904,0.03,0.0411128
1,0.29258064769426106,0.18,0.2411874
0,0.21622779358302818,0.1,0.082086824
0,0.19577903333066957,0.14,0.08709133
0,0.21622779358302818,0.16,0.031873655
0,0.1424427037125816,0.04,0.021757778
0,0.2602750532909016,0.01,0.014354778
1,0.4669794850768369,0.88,0.8853864
0,0.10550508031195226,0.1,0.025487268
0,0.08411522214392046,0.15,0.014514216
0,0.08419790368137989,0.01,0.0009825985
0,0.2994473534870561,0.2,0.038799863
1,0.12783373469455242,0.82,0.9999919
0,0.10243542153190564,0.11,0.010151448
0,0.1584179519705158,0.05,0.0057701734
0,0.10243542153190564,0.03,0.00070890994
1,0.19990448826159285,0.38,0.400711
0,0.11155555588860706,0.01,0.00057200145
0,0.0749654000751385,0.13,0.0023233483
0,0.19485431606419867,0.07,0.038153645
0,0.1180188928340928,0.05,0.036195815
0,0.0890611716042573,0.0,0.0061999727
0,0.07074145897362832,0.0,0.00047103182
1,0.7298059880956776,0.68,0.9840844
1,0.27249735457163854,0.19,0.5251157
0,0.2602750532909016,0.04,0.027735792
0,0.39054350166192797,0.42,0.68434876
0,0.23225229490985427,0.94,0.9745428
0,0.08411522214392046,0.07,0.0040211086
0,0.21069547560588414,0.28,0.03184587
0,0.09974592357401954,0.09,0.027890397
0,0.10243542153190564,0.06,0.011444102
1,0.16790621205118456,0.06,0.002160763
0,0.11452297479729641,0.03,0.015066061
0,0.1349714917431766,0.01,0.0013602686
0,0.2864922889939251,0.47,0.52513444
0,0.27271007156121563,0.13,0.0026085032
0,0.06673834584419841,0.08,0.034298677
1,0.26161661075857506,0.76,0.88048047
0,0.19468607125863374,0.09,0.010618748
0,0.10560636280608836,0.0,0.009057199
0,0.3328703986556711,0.39,0.47657213
0,0.0749654000751385,0.05,0.0024037713
0,0.13155294630068842,0.17,0.023388501
1,0.2602750532909016,0.88,0.99585575
0,0.49820672385828063,0.48,0.17826128
0,0.15114598702221896,0.19,0.11583696
1,0.10843484552306676,0.11,0.031527385
0,0.1180188928340928,0.06,0.00898669
0,0.2435920059500436,0.05,0.019752732
0,0.1180188928340928,0.16,0.04440835
1,0.2429288720928199,0.2,0.07537785
0,0.19468607125863374,0.03,0.0014766551
0,0.19468607125863374,0.08,0.00188198
0,0.0890611716042573,0.14,0.013026092
1,0.27980400564519803,0.44,0.28214583
0,0.08411522214392046,0.01,0.0034392888
0,0.17172215889258288,0.15,0.06111873
1,0.3612069068365152,0.47,0.36666152
0,0.12456993952147402,0.08,0.005898893
0,0.22128603829004392,0.03,0.01832174
0,0.23161057889586326,0.19,0.05693182
1,0.48257609307329835,0.43,0.10593665
1,0.39054350166192797,0.31,0.64436716
0,0.07941999547845319,0.02,0.0007963159
0,0.15934759383625335,0.18,0.10205619
0,0.0749654000751385,0.03,0.003458414
0,0.08914824157915796,0.09,0.025130948
0,0.1025340950088642,0.13,0.0075944406
0,0.1852278555893168,0.07,0.00705265
0,0.1502556414325473,0.04,0.0077789086
0,0.29258064769426106,0.1,0.27208614
1,0.21622779358302818,0.32,0.14537288
1,0.3757612507786668,0.79,0.9999974
0,0.13155294630068842,0.15,0.013175664
0,0.1179072753574558,0.19,0.09981885
0,0.05279814996873529,0.03,0.00029381542
0,0.21622779358302818,0.02,0.0047781644
0,0.3191280472416421,0.1,0.010566594
0,0.12468697268912507,0.01,0.0012103595
0,0.29258064769426106,0.19,0.26906344
0,0.1349714917431766,0.04,0.017936142
0,0.1179072753574558,0.02,0.0028741034
1,0.6354763378971302,0.9,0.98911536
1,0.20581533121074916,0.22,0.07683296
1,0.2046806000026874,0.05,0.0011421907
0,0.10550508031195226,0.07,0.036295302
1,0.3612069068365152,0.51,0.563864
0,0.32480296191818386,0.22,0.1657282
0,0.1179072753574558,0.13,0.039964583
1,0.25461698743163863,0.75,0.8637569
0,0.14329456042853583,0.44,0.074153535
0,0.23691989861273868,0.29,0.1986984
0,0.0890611716042573,0.06,0.0012365875
0,0.27980400564519803,0.12,0.012866394
0,0.20485528482497514,0.14,0.0036377164
0,0.08411522214392046,0.04,0.0024881435
0,0.03913328043853092,0.05,0.00027234203
0,0.15114598702221896,0.04,0.00076848804
0,0.23817983558600928,0.2,0.0094495015
0,0.04683263279338542,0.04,0.0020519404
0,0.09435964163291091,0.01,0.00035630594
1,0.19008743583103485,0.67,0.78813934
0,0.1545116303649024,0.09,0.0051378314
0,0.2435920059500436,0.1,0.21142392
0,0.1502556414325473,0.01,0.00095851143
0,0.7044411901798179,0.44,0.15845421
0,0.13155294630068842,0.18,0.13142526
0,0.3757612507786668,0.18,0.051620625
0,0.30569307098001747,0.06,0.010911052
0,0.1424427037125816,0.02,0.004779326
1,0.13886530572224498,0.13,0.021036876
0,0.07712022678276238,0.28,0.009607587
0,0.12102063749670848,0.09,0.03794652
0,0.582403839927369,0.09,0.041449104
0,0.2604816454410846,0.04,0.0038669328
0,0.11155555588860706,0.02,0.0017279818
0,0.2152323401878998,0.1,0.003156544
0,0.3250382670756779,0.24,0.1015594
0,0.39054350166192797,0.37,0.35010263
0,0.1179072753574558,0.12,0.05328104
0,0.1852278555893168,0.34,0.48282564
0,0.09974592357401954,0.02,0.008038406
0,0.12861132745050602,0.17,0.012857203
0,0.16708579372762447,0.01,0.008556936
0,0.18611744905072652,0.12,0.009782795
1,0.41207143631879006,0.85,0.88135046
0,0.19468607125863374,0.12,0.14907111
0,0.16693655414410713,0.11,0.061605398
0,0.45144715161976395,0.26,0.06465929
0,0.09426800852547251,0.0,0.0007792019
0,0.2850724186440323,0.76,0.9406304
0,0.16286082727375206,0.13,0.0035209632
0,0.37491665013143843,0.14,0.019826617
0,0.10833117891949871,0.36,0.010314709
0,0.37491665013143843,0.07,0.0032842755
0,0.08161111885781873,0.06,0.0012074912
0,0.08411522214392046,0.02,0.018711912
0,0.19008743583103485,0.17,0.064181246
1,0.19485431606419867,0.07,0.0745766
0,0.11166192163629532,0.02,0.00084595935
0,0.21622779358302818,0.17,0.016264854
0,0.04683263279338542,0.03,0.0004544164
0,0.3469030171289413,0.26,0.020250328
0,0.14257379362574826,0.02,0.047871575
0,0.7532850965960795,0.06,0.00016896565
0,0.12102063749670848,0.03,0.033297148
0,0.606036497655593,0.82,0.9737284
0,0.21009702205641018,0.21,0.05836366
1,0.11463180485303388,0.27,0.0146424575
0,0.08169155851714995,0.01,0.0015206105
0,0.18506601212959747,0.22,0.41204312
0,0.26737442629518987,0.27,0.12981632
1,0.21009702205641018,0.47,0.5480308
0,0.056015286784672116,0.02,0.00018879873
1,0.07941999547845319,0.86,0.99999833
1,0.25461698743163863,0.88,0.9322397
0,0.04688054301974359,0.07,0.0020565698
0,0.06680519255858941,0.01,0.000671504
0,0.1180188928340928,0.04,0.0023981768
0,0.12102063749670848,0.02,0.003527786
0,0.06294641600219503,0.13,0.013102643
0,0.15856102551379528,0.06,0.0024067862
0,0.21009702205641018,0.79,0.79932064
0,0.22085045248376622,0.36,0.2155752
0,0.10243542153190564,0.0,0.0022973893
0,0.17581752984387125,0.12,0.017230185
0,0.0749654000751385,0.07,0.010496181
0,0.04970534898287902,0.01,0.00044628794
0,0.07074145897362832,0.02,0.013395597
1,0.32633039345718085,0.93,0.98998994
0,0.10833117891949871,0.0,0.0006585157
1,0.2435920059500436,0.45,0.20193431
0,0.12468697268912507,0.17,0.03237112
1,0.22085045248376622,0.37,0.19413637
0,0.29258064769426106,0.35,0.03360166
0,0.08411522214392046,0.03,0.002533219
0,0.3049290307424484,0.19,0.062408138
0,0.10833117891949871,0.01,0.0021435635
0,0.0914918504933156,0.09,0.007147241
0,0.11155555588860706,0.02,0.0020959177
0,0.19468607125863374,0.18,0.07261949
0,0.14257379362574826,0.03,0.008157703
1,0.10833117891949871,0.02,0.014556251
0,0.19064264890752985,0.05,0.004189411
0,0.12795338601381218,0.04,0.009287124
0,0.07941999547845319,0.0,0.0014535604
0,0.2046806000026874,0.01,0.0030831338
0,0.15465182426222343,0.2,0.07280806
1,0.40552949689650725,0.82,0.99830365
0,0.08419790368137989,0.01,0.00062901655
0,0.19485431606419867,0.25,0.24428275
1,0.3674758261953746,0.83,0.92568463
0,0.03684788388799943,0.3,0.0035537195
0,0.2435920059500436,0.18,0.12866332
0,0.30569307098001747,0.18,0.017761247
0,0.1179072753574558,0.2,0.035835195
0,0.07949846241372795,0.23,0.005744274
0,0.23817983558600928,0.13,0.009981073
0,0.09984229450924514,0.16,0.040900815
0,0.06673834584419841,0.0,0.000205524
0,0.08411522214392046,0.04,0.0011192721
1,0.27271007156121563,0.66,0.6392133
0,0.07941999547845319,0.03,0.0056559835
0,0.2152323401878998,0.26,0.13580441
0,0.3896864165760759,0.04,0.0040772897
0,0.07949846241372795,0.18,0.0067891404
0,0.13509678908900924,0.04,0.008260996
0,0.0890611716042573,0.18,0.04493674
0,0.12456993952147402,0.03,0.011462609
0,0.08914824157915796,0.06,0.007347437
1,0.2994473534870561,0.22,0.047233425
0,0.11452297479729641,0.01,0.0028746678
0,0.16790621205118456,0.02,0.0024358323
0,0.11155555588860706,0.28,0.025813028
0,0.09435964163291091,0.14,0.03193442
0,0.12861132745050602,0.07,0.0022814178
0,0.1502556414325473,0.06,0.027285032
0,0.23691989861273868,0.16,0.01566793
1,0.08411522214392046,0.1,0.006911123
1,0.2435920059500436,0.2,0.045012496
0,0.1349714917431766,0.0,0.00047202426
0,0.26666937425355053,0.05,0.02699921
0,0.10843484552306676,0.08,0.013011792
0,0.04975604461670358,0.1,0.001302875
0,0.27249735457163854,0.23,0.1552622
0,0.04688054301974359,0.14,0.0029205605
0,0.26737442629518987,0.34,0.031370617
0,0.21027510734252633,0.35,0.13209036
0,0.10560636280608836,0.03,0.0011804451
0,0.17581752984387125,0.15,0.070193544
1,0.2150511998049313,0.4,0.21545213
0,0.22701645661330458,0.41,0.020506306
0,0.09426800852547251,0.15,0.008470132
0,0.29258064769426106,0.11,0.030786278
1,0.4360088458299059,0.49,0.5443006
0,0.1502556414325473,0.07,0.013627006
0,0.09691954213194186,0.05,0.0055202185
0,0.09691954213194186,0.0,0.002329892
0,0.19468607125863374,0.23,0.010571567
1,0.3970051383595632,0.9,0.95784706
0,0.0890611716042573,0.07,0.007260503
0,0.19577903333066957,0.14,0.02052636
0,0.2602750532909016,0.39,0.45709234
0,0.18506601212959747,0.15,0.008348035
1,0.39054350166192797,0.14,0.029682565
1,0.24312622108268125,0.21,0.17022786
1,0.5138408604918197,0.72,0.94962466
0,0.14664974592522406,0.23,0.05543641
0,0.10833117891949871,0.03,0.0038277404
0,0.29821455198278174,0.4,0.28094977
0,0.2864922889939251,0.19,0.36831516
0,0.13578574272972732,0.01,0.0095063895
0,0.18080247226328167,0.22,0.030893395
0,0.16693655414410713,0.06,0.0016468171
0,0.08411522214392046,0.02,0.00089933974
0,0.07941999547845319,0.08,0.00479268
1,0.2668792107329333,0.61,0.05322989
0,0.12102063749670848,0.0,0.0003885835
0,0.10833117891949871,0.02,0.0011367599
0,0.09426800852547251,0.0,0.0014691113
0,0.09974592357401954,0.01,0.0015891668
0,0.5294479586585861,0.54,0.72085357
1,0.4360088458299059,0.41,0.09690771
0,0.21622779358302818,0.02,0.003072367
0,0.13899363697381537,0.17,0.08960972
0,0.3469030171289413,0.24,0.051500715
1,0.29258064769426106,0.16,0.2463991
0,0.3469030171289413,0.25,0.2882518
1,0.3899415803443852,0.67,0.8437412
0,0.09984229450924514,0.11,0.010474185
0,0.5294479586585861,0.41,0.4739905
0,0.26161661075857506,0.11,0.0060722884
0,0.07704391075429604,0.25,0.03100053
0,0.13899363697381537,0.07,0.0023618157
0,0.4660829380232156,0.36,0.68819
1,0.06294641600219503,0.16,0.007776245
0,0.07074145897362832,0.03,0.0030561213
0,0.11166192163629532,0.26,0.023431228
0,0.22128603829004392,0.28,0.10817363
0,0.06294641600219503,0.22,0.011988228
1,0.3328703986556711,0.32,0.5578636
0,0.05279814996873529,0.07,0.00053170347
0,0.07941999547845319,0.01,0.000865799
0,0.11155555588860706,0.04,0.038846195
0,0.07941999547845319,0.01,0.0052843457
0,0.07503982462414927,0.0,0.0008487351
1,0.12795338601381218,0.22,0.26629087
0,0.18506601212959747,0.05,0.0013693249
1,0.39841448247353806,0.8,0.99825853
0,0.10843484552306676,0.01,0.00089746166
0,0.21009702205641018,0.03,0.017032085
0,0.1179072753574558,0.34,0.21714762
0,0.8013795276810614,0.04,0.0005773608
0,0.13899363697381537,0.04,0.010673311
0,0.07941999547845319,0.02,0.003908761
0,0.05595858926858609,0.11,0.00055927876
0,0.3757612507786668,0.3,0.6233419
1,0.5294479586585861,0.71,0.9302479
0,0.08419790368137989,0.0,0.0010085659
1,0.3469030171289413,0.33,0.11988461
0,0.11155555588860706,0.25,0.07048318
0,0.6912535482536422,0.58,0.76892453
0,0.20048127749014397,0.03,0.004797873
0,0.19577903333066957,0.04,0.0073381467
0,0.24861410850568239,0.18,0.010987078
1,0.2152323401878998,0.91,0.99987805
1,0.45144715161976395,0.7,0.78056735
0,0.09426800852547251,0.02,0.010580349
0,0.06680519255858941,0.1,0.01239155
0,0.0890611716042573,0.0,0.018877845
0,0.17682782361542904,0.22,0.11501679
0,0.30569307098001747,0.27,0.21120813
0,0.21009702205641018,0.31,0.0981354
0,0.16300713616054388,0.21,0.052771315
1,0.5294479586585861,0.42,0.7922368
0,0.09984229450924514,0.0,0.0014701539
0,0.13899363697381537,0.01,0.0031403957
0,0.10550508031195226,0.18,0.019704929
1,0.2046806000026874,0.27,0.08609569
0,0.056015286784672116,0.08,0.0011616688
0,0.3818784093597471,0.1,0.01638827
1,0.12795338601381218,0.21,0.0390596
0,0.05595858926858609,0.09,0.010263041
1,0.606036497655593,0.68,0.9243817
0,0.19468607125863374,0.04,0.0022206644
0,0.1424427037125816,0.07,0.013568109
0,0.19468607125863374,0.38,0.11127591
0,0.32633039345718085,0.55,0.4293794
1,0.3127314737527126,0.58,0.75966
0,0.09984229450924514,0.04,0.0014641728
1,0.30515644522620816,0.69,0.9262033
1,0.12102063749670848,0.38,0.077764474
0,0.12456993952147402,0.18,0.008310311
0,0.09158105789854275,0.04,0.00141962
1,0.231801548449799,0.76,0.83793175
0,0.09984229450924514,0.0,0.0006742024
0,0.07941999547845319,0.0,0.000338552
1,0.17581752984387125,0.45,0.42260748
0,0.1179072753574558,0.04,0.0008380177
1,0.18506601212959747,0.09,0.004797369
1,0.12468697268912507,0.03,0.009939618
0,0.17156963117389576,0.1,0.01394319
0,0.1349714917431766,0.01,0.0019505159
1,0.4973061597498383,0.02,0.001507972
1,0.22701645661330458,0.38,0.33738372
0,0.18611744905072652,0.0,0.002271761
0,0.12468697268912507,0.07,0.023258422
0,0.17581752984387125,0.03,0.0084456075
0,0.35281590638067584,0.09,0.038891364
0,0.18117743803921532,0.07,0.0024001421
1,0.24841376696423775,0.91,0.9999981
0,0.03913328043853092,0.11,0.0002648073
0,0.2435920059500436,0.4,0.19552368
0,0.2738785856898918,0.17,0.17474844
0,0.2259856560013855,0.16,0.010857595
0,0.11452297479729641,0.13,0.010390736
0,0.26161661075857506,0.33,0.23644866
1,0.2994473534870561,0.62,0.6315563
0,0.07081201106855864,0.05,0.0022996725
1,0.2150511998049313,0.24,0.20546238
0,0.16286082727375206,0.17,0.050096195
1,0.231801548449799,0.81,0.6732906
0,0.1179072753574558,0.0,0.0008783291
0,0.27271007156121563,0.07,0.008144361
0,0.3896864165760759,0.16,0.040007703
0,0.08161111885781873,0.12,0.0012819457
0,0.17597303182038934,0.13,0.06536508
0,0.11155555588860706,0.04,0.0023690094
0,0.1179072753574558,0.18,0.09103317
0,0.35281590638067584,0.45,0.575054
0,0.1180188928340928,0.02,0.008952242
0,0.4669794850768369,0.53,0.07320709
0,0.2152323401878998,0.38,0.18657851
0,0.30569307098001747,0.42,0.4566504
0,0.27980400564519803,0.64,0.077486284
0,0.1424427037125816,0.0,0.005606829
0,0.11155555588860706,0.0,0.00073844515
0,0.2553012675915263,0.27,0.3058651
0,0.1545116303649024,0.13,0.018495359
1,0.25461698743163863,0.83,0.9601845
0,0.13886530572224498,0.09,0.003357641
0,0.15934759383625335,0.19,0.010175794
0,0.08411522214392046,0.0,0.00034546363
0,0.12176257307282148,0.06,0.007169445
1,0.08411522214392046,0.06,0.01547375
0,0.07941999547845319,0.15,0.05867455
0,0.1424427037125816,0.04,0.008779673
0,0.49820672385828063,0.42,0.25854558
0,0.07074145897362832,0.05,0.0021067506
0,0.20007612233898614,0.07,0.001259137
0,0.2602750532909016,0.12,0.049301904
0,0.24861410850568239,0.07,0.006617041
0,0.19468607125863374,0.01,0.012024373
0,0.08914824157915796,0.02,0.0062492965
0,0.12795338601381218,0.06,0.031206688
1,0.10243542153190564,0.0,0.0004280679
0,0.12102063749670848,0.15,0.029030485
0,0.10550508031195226,0.34,0.034625977
1,0.3469030171289413,0.56,0.49698865
0,0.11463180485303388,0.05,0.0033314326
1,0.5138408604918197,0.71,0.94625634
0,0.19990448826159285,0.68,0.54688364
0,0.16708579372762447,0.14,0.08824811
0,0.08642372155578099,0.01,0.008063075
0,0.11155555588860706,0.0,0.0027149841
0,0.0914918504933156,0.01,0.00027961613
1,0.1502556414325473,0.08,0.05842225
0,0.1316755532034512,0.05,0.0020817837
0,0.04411823697016142,0.08,0.0020420707
0,0.42704182697153487,0.34,0.1236798
0,0.056015286784672116,0.07,0.0012472718
0,0.07712022678276238,0.07,0.004010825
1,0.19990448826159285,0.67,0.7620218
0,0.3127314737527126,0.19,0.038953375
0,0.33866813495105114,0.48,0.32932526
0,0.1179072753574558,0.07,0.0046716696
0,0.27980400564519803,0.47,0.0756122
0,0.11166192163629532,0.02,0.002121272
0,0.39054350166192797,0.26,0.038091622
1,0.20485528482497514,0.28,0.2423318
0,0.15465182426222343,0.15,0.02299942
0,0.4287447516388816,0.56,0.64697677
0,0.10560636280608836,0.01,0.0020403448
0,0.24841376696423775,0.47,0.4520696
0,0.3757612507786668,0.73,0.54814905
0,0.1545116303649024,0.32,0.025523622
0,0.4134975884631243,0.66,0.7634581
0,0.11155555588860706,0.01,0.0019491091
0,0.12783373469455242,0.03,0.012926575
0,0.12456993952147402,0.02,0.01016153
0,0.12102063749670848,0.04,0.0032093148
1,0.32633039345718085,0.4,0.8095801
1,0.4351232195202287,0.09,0.0033541068
0,0.12795338601381218,0.0,0.0043796
0,0.07074145897362832,0.04,0.010735234
0,0.2553012675915263,0.39,0.083986014
0,0.09435964163291091,0.0,0.001634268
0,0.4360088458299059,0.18,0.029796574
0,0.04683263279338542,0.06,0.0013147658
1,0.36722651402912865,0.09,0.048642326
0,0.8474382870062417,0.22,0.019817673
1,0.6122257975442033,0.78,0.92066014
0,0.23161057889586326,0.43,0.35141543
0,0.1545116303649024,0.13,0.07442775
0,0.08419790368137989,0.01,0.0003592892
0,0.13509678908900924,0.36,0.9132038
0,0.1852278555893168,0.08,0.015232527
0,0.36884446458040293,0.03,0.14191157
0,0.3328703986556711,0.1,0.016003206
0,0.5205999196548512,0.16,0.047057234
0,0.12456993952147402,0.22,0.03896242
0,0.0914918504933156,0.4,0.028301686
0,0.07081201106855864,0.0,0.00066850224
0,0.13155294630068842,0.32,0.015815035
0,0.2150511998049313,0.22,0.13186234
0,0.18064363821005666,0.5,0.50607765
0,0.1424427037125816,0.02,0.0012131302
0,0.6639361559609709,0.61,0.7883439
0,0.08914824157915796,0.05,0.0071870824
0,0.08161111885781873,0.01,0.0018875162
1,0.29799009222115097,0.93,0.99999964
0,0.0890611716042573,0.17,0.02348561
0,0.11452297479729641,0.07,0.006287739
1,0.3191280472416421,0.52,0.2655037
0,0.0968256888737336,0.0,0.0028086945
0,0.1424427037125816,0.05,0.0049347132
0,0.17682782361542904,0.38,0.13766788
0,0.12456993952147402,0.3,0.12016273
0,0.07941999547845319,0.02,0.0009182242
0,0.23225229490985427,0.09,0.008515996
0,0.10833117891949871,0.02,0.0003846964
0,0.10833117891949871,0.0,0.00035091216
0,0.24312622108268125,0.04,0.016997688
0,0.2553012675915263,0.1,0.051027935
0,0.17156963117389576,0.03,0.002015042
0,0.07949846241372795,0.03,0.0073116985
0,0.12456993952147402,0.16,0.06833962
0,0.06294641600219503,0.3,0.01807137
0,0.671248491954847,0.25,0.02407418
0,0.11155555588860706,0.04,0.001950993
0,0.1584179519705158,0.16,0.0048866994
0,0.8512257313796929,0.48,0.99022686
1,0.0749654000751385,0.69,0.92517334
0,0.05595858926858609,0.11,0.0032893396
0,0.16693655414410713,0.03,0.008138447
0,0.07074145897362832,0.03,0.00074382237
0,0.39054350166192797,0.24,0.09567274
0,0.08914824157915796,0.01,0.0003524079
0,0.08419790368137989,0.09,0.006029369
1,0.1545116303649024,0.3,0.12089671
1,0.41207143631879006,0.85,0.9562288
0,0.1503926606101201,0.01,0.005755153
1,0.39841448247353806,0.65,0.41782448
0,0.606036497655593,0.68,0.80588925
1,0.17682782361542904,0.31,0.13702716
0,0.10550508031195226,0.01,0.0017259086
0,0.19577903333066957,0.07,0.0017550573
0,0.05595858926858609,0.12,0.019009195
0,0.27271007156121563,0.07,0.033377357
0,0.14329456042853583,0.14,0.08735829
0,0.03469113652737346,0.08,0.0012189476
0,0.2918356049823385,0.03,0.011235907
0,0.3191280472416421,0.21,0.15050304
0,0.19008743583103485,0.23,0.15309504
1,0.3612069068365152,0.44,0.19527948
0,0.14329456042853583,0.15,0.009449777
1,0.1349714917431766,0.29,0.16888915
1,0.6208676694057321,0.88,0.9900589
0,0.1180188928340928,0.15,0.023649246
0,0.05935623273048499,0.0,0.0005281823
0,0.06673834584419841,0.02,0.000504074
0,0.4134975884631243,0.27,0.09347748
0,0.09426800852547251,0.01,0.0014272709
0,0.16335255543794294,0.06,0.0018872146
0,0.2668792107329333,0.27,0.18437786
0,0.12102063749670848,0.06,0.02888491
1,0.2994473534870561,0.69,0.9385084
0,0.2046806000026874,0.12,0.02475607
0,0.09158105789854275,0.06,0.024360294
0,0.3127314737527126,0.05,0.006368985
0,0.12468697268912507,0.0,0.0018964281
0,0.0890611716042573,0.13,0.0019190512
0,0.11166192163629532,0.05,0.0018995345
1,0.39674835843669615,0.22,0.08810339
0,0.4973061597498383,0.07,0.0011518893
0,0.22579806951544695,0.14,0.009214018
0,0.2150511998049313,0.09,0.023744656
0,0.44241168797674546,0.14,0.012469149
0,0.06673834584419841,0.04,0.0040957355
1,0.3896864165760759,0.72,0.8726796
1,0.5205999196548512,0.28,0.052638624
0,0.19468607125863374,0.42,0.15951693
0,0.16286082727375206,0.11,0.004779711
0,0.07704391075429604,0.07,0.006144781
0,0.2152323401878998,0.1,0.023946874
0,0.15114598702221896,0.06,0.0040686075
0,0.24971482552402205,0.05,0.002305439
1,0.2259856560013855,0.52,0.63659334
1,0.6498395743362073,0.98,0.9999999
0,0.09426800852547251,0.03,0.0061038593
0,0.2046806000026874,0.19,0.12996045
1,0.24861410850568239,0.39,0.63987714
0,0.2604816454410846,0.07,0.0021016642
0,0.27980400564519803,0.22,0.0318246
0,0.1179072753574558,0.06,0.0013973463
0,0.3049290307424484,0.14,0.036469586
0,0.11463180485303388,0.15,0.013534129
0,0.12456993952147402,0.0,0.002526374
1,0.21009702205641018,0.42,0.8292754
0,0.13886530572224498,0.18,0.117540546
0,0.16693655414410713,0.19,0.0663689
0,0.15114598702221896,0.25,0.012453442
1,0.6639361559609709,0.73,0.9852053
0,0.2150511998049313,0.07,0.0019750332
0,0.09974592357401954,0.01,0.00046120054
0,0.231801548449799,0.43,0.2878131
1,0.25482063560050144,0.51,0.7094446
1,0.2152323401878998,0.61,0.575647
1,0.12113479751245324,0.11,0.036626104
0,0.06294641600219503,0.15,0.024243275
0,0.3402279140343067,0.41,0.2730089
1,0.06673834584419841,0.11,0.011348353
0,0.2150511998049313,0.29,0.27884755
0,0.13509678908900924,0.06,0.008851956
0,0.17597303182038934,0.16,0.032752454
1,0.10560636280608836,0.15,0.005386869
0,0.08419790368137989,0.21,0.049569122
0,0.4134975884631243,0.92,0.95082355
0,0.06294641600219503,0.02,0.00035740552
0,0.20485528482497514,0.05,0.016722979
1,0.10560636280608836,0.58,0.4543802
0,0.17156963117389576,0.03,0.0035424398
0,0.35281590638067584,0.37,0.20372505
0,0.08161111885781873,0.1,0.018109612
0,0.07941999547845319,0.05,0.009179931
0,0.1179072753574558,0.03,0.00969716
0,0.0749654000751385,0.01,0.0005085614
0,0.09974592357401954,0.04,0.0050832625
0,0.3757612507786668,0.25,0.023654439
0,0.23691989861273868,0.27,0.051042028
0,0.05935623273048499,0.01,7.2922594e-05
0,0.05935623273048499,0.03,0.0027732423
0,0.20007612233898614,0.33,0.053420927
0,0.22128603829004392,0.06,0.020692768
0,0.11155555588860706,0.05,0.0021335373
0,0.12456993952147402,0.07,0.010469768
1,0.5604601515691956,0.77,0.98013437
0,0.26161661075857506,0.24,0.0194655
0,0.09426800852547251,0.05,0.0088219065
0,0.18064363821005666,0.69,0.8245767
0,0.3127314737527126,0.19,0.052998617
0,0.06294641600219503,0.2,0.008498204
0,0.18506601212959747,0.18,0.06609733
0,0.09974592357401954,0.0,0.0003120016
1,0.11452297479729641,0.21,0.1041645
0,0.11452297479729641,0.05,0.002808602
0,0.1584179519705158,0.05,0.0012008483
0,0.332070919740486,0.12,0.009249703
0,0.10550508031195226,0.29,0.045850355
0,0.06673834584419841,0.04,0.0034451461
0,0.18611744905072652,0.08,0.0040370803
0,0.04416349900497932,0.01,8.510286e-05
0,0.24971482552402205,0.03,0.007639567
0,0.504705578953994,0.02,0.0068111373
0,0.06294641600219503,0.05,0.0019133696
0,0.0890611716042573,0.0,0.0006537423
1,0.4578926432848192,0.8,0.99500304
0,0.11166192163629532,0.07,0.006738061
0,0.10550508031195226,0.34,0.14796583
0,0.0890611716042573,0.13,0.008846677
0,0.12102063749670848,0.09,0.013629719
0,0.12456993952147402,0.09,0.011471267
0,0.12102063749670848,0.05,0.009653859
0,0.3191280472416421,0.33,0.53825396
0,0.26666937425355053,0.1,0.024634061
1,0.12102063749670848,0.19,0.029130405
0,0.23161057889586326,0.29,0.079777226
0,0.13155294630068842,0.06,0.0009976887
0,0.40552949689650725,0.36,0.09443296
0,0.21027510734252633,0.15,0.092522316
0,0.11155555588860706,0.06,0.0018753705
0,0.45055521815928684,0.14,0.0029351208
0,0.3191280472416421,0.11,0.043284137
0,0.19990448826159285,0.05,0.023817562
0,0.21009702205641018,0.11,0.26145983
0,0.1852278555893168,0.06,0.015758092
1,0.24861410850568239,0.46,0.41718632
0,0.10243542153190564,0.04,0.008559403
0,0.1545116303649024,0.31,0.4165523
0,0.04688054301974359,0.03,0.00031708527
1,0.2553012675915263,0.37,0.097932346
0,0.24861410850568239,0.2,0.3718536
0,0.08419790368137989,0.03,0.006518083
0,0.07081201106855864,0.05,0.009897288
0,0.18506601212959747,0.09,0.037065025
0,0.1545116303649024,0.11,0.0012016773
0,0.1584179519705158,0.08,0.0021355452
0,0.27980400564519803,0.05,0.015854957
0,0.27980400564519803,0.26,0.034311388
0,0.06673834584419841,0.0,0.0005322466
0,0.0749654000751385,0.11,0.0019457634
0,0.16693655414410713,0.01,0.0009397594
0,0.2738785856898918,0.31,0.05378467
0,0.12456993952147402,0.19,0.048602212
1,0.2602750532909016,0.61,0.8820372
0,0.2152323401878998,0.24,0.020206213
0,0.03469113652737346,0.29,0.00010974588
0,0.18506601212959747,0.16,0.034025308
0,0.08642372155578099,0.0,0.00046312486
0,0.11523029763693717,0.07,0.0020477332
0,0.09974592357401954,0.03,0.00190077
0,0.39841448247353806,0.48,0.6270559
0,0.11523029763693717,0.19,0.03975322
0,0.11523029763693717,0.03,0.009661927
0,0.1424427037125816,0.17,0.16966906
0,0.11166192163629532,0.07,0.00147114
0,0.27980400564519803,0.39,0.065723285
0,0.08411522214392046,0.22,0.02084236
0,0.26737442629518987,0.01,0.006328592
1,0.19468607125863374,0.36,0.071623534
0,0.7349013930039819,0.12,0.0032894143
1,0.537648780011184,0.59,0.7061065
0,0.4973061597498383,0.12,0.015430594
0,0.1545116303649024,0.46,0.08134313
0,0.3127314737527126,0.25,0.033697825
0,0.23817983558600928,0.3,0.062058646
0,0.13899363697381537,0.03,0.0027153508
0,0.24971482552402205,0.08,0.007071613
0,0.5205999196548512,0.12,0.007575994
0,0.4819444947338481,0.47,0.70424205
0,0.1502556414325473,0.15,0.029691262
1,0.2602750532909016,0.86,0.9999987
0,0.06673834584419841,0.1,0.0015472386
0,0.08914824157915796,0.0,0.0002630025
0,0.09974592357401954,0.05,0.002320985
1,0.4134975884631243,0.89,0.9997248
1,0.22579806951544695,0.28,0.6616592
0,0.17581752984387125,0.17,0.2804419
0,0.11523029763693717,0.03,0.0057921163
1,0.49820672385828063,0.66,0.92485774
0,0.18080247226328167,0.1,0.030123414
1,0.056015286784672116,0.08,0.0019127048
1,0.49820672385828063,0.62,0.73231417
1,0.40552949689650725,0.66,0.76747584
0,0.23817983558600928,0.14,0.12653048
0,0.0890611716042573,0.01,0.0002450553
0,0.17156963117389576,0.03,0.00813356
0,0.06471499855031808,0.13,0.014068123
0,0.2602750532909016,0.62,0.6493069
0,0.13578574272972732,0.02,0.022975339
0,0.05279814996873529,0.03,0.0016624983
1,0.26161661075857506,0.78,0.9780664
0,0.19468607125863374,0.21,0.014942551
1,0.4669794850768369,0.81,0.88101846
0,0.18506601212959747,0.11,0.22500372
0,0.12456993952147402,0.07,0.010123815
1,0.657300314698289,0.29,0.025698477
0,0.13155294630068842,0.26,0.025665447
0,0.19468607125863374,0.23,0.02173763
0,0.06680519255858941,0.05,0.003105124
0,0.15934759383625335,0.08,0.002061212
0,0.1502556414325473,0.02,0.00090419047
0,0.12102063749670848,0.01,0.0033927388
0,0.27249735457163854,0.55,0.78287345
0,0.2604816454410846,0.26,0.132588
0,0.3757612507786668,0.21,0.05763892
0,0.7869087958533381,0.11,0.036853153
0,0.4287447516388816,0.48,0.4841531
0,0.1179072753574558,0.04,0.0029926763
0,0.1424427037125816,0.25,0.026523653
1,0.13155294630068842,0.6,0.8848344
1,0.17172215889258288,0.39,0.16603388
0,0.41181156675635033,0.24,0.09152362
0,0.07712022678276238,0.43,0.046871208
0,0.06294641600219503,0.2,0.027859017
0,0.10550508031195226,0.18,0.1687411
0,0.12783373469455242,0.24,0.054906286
0,0.06294641600219503,0.03,0.0040964787
0,0.12102063749670848,0.09,0.0073946305
0,0.16300713616054388,0.22,0.01142682
1,0.32633039345718085,0.94,0.9503115
0,0.04975604461670358,0.04,0.0002465954
0,0.16693655414410713,0.06,0.017528778
0,0.18506601212959747,0.19,0.08842649
0,0.11155555588860706,0.34,0.18294366
0,0.20485528482497514,0.84,0.98890054
1,0.1502556414325473,0.08,0.0069909603
0,0.09426800852547251,0.07,0.0012768328
1,0.32480296191818386,0.31,0.11749509
0,0.17581752984387125,0.05,0.02242941
1,0.22066591338761263,0.66,0.81275713
0,0.40552949689650725,0.21,0.8346004
1,0.28529110249009,0.17,0.04795978
0,0.0749654000751385,0.0,0.0005050812
0,0.16693655414410713,0.01,0.007475018
0,0.14651554875677528,0.22,0.03004683
0,0.3751680877440712,0.04,0.0048148106
0,0.14329456042853583,0.07,0.008126738
1,0.6354763378971302,0.74,0.99751514
0,0.08411522214392046,0.01,0.008512993
0,0.3191280472416421,0.14,0.3588707
0,0.2259856560013855,0.27,0.039051462
0,0.18064363821005666,0.11,0.015479767
0,0.13578574272972732,0.04,0.006312976
0,0.3191280472416421,0.3,0.26836187
0,0.0968256888737336,0.0,0.00056919915
0,0.09435964163291091,0.07,0.036735803
0,0.14257379362574826,0.04,0.012843019
0,0.16790621205118456,0.01,0.008783941
1,0.2738785856898918,0.44,0.48888928
0,0.06673834584419841,0.02,0.013866707
1,0.30569307098001747,0.66,0.42621186
0,0.06680519255858941,0.0,5.96287e-05
0,0.27980400564519803,0.18,0.3821113
0,0.05279814996873529,0.0,0.00035622038
0,0.07704391075429604,0.12,0.0037043218
0,0.17682782361542904,0.23,0.10006885
1,0.3183458242796281,0.38,0.7725082
0,0.0890611716042573,0.0,0.0015900809
0,0.0914918504933156,0.14,0.022548031
0,0.16300713616054388,0.4,0.5669655
0,0.2790786628638936,0.52,0.7552966
0,0.13155294630068842,0.12,0.019066874
0,0.35281590638067584,0.35,0.1419939
0,0.1180188928340928,0.02,0.0017881178
1,0.25461698743163863,0.33,0.056235712
0,0.36722651402912865,0.62,0.2101827
0,0.09974592357401954,0.01,0.000581208
0,0.40552949689650725,0.24,0.08240608
1,0.23161057889586326,0.85,0.93825066
0,0.11463180485303388,0.15,0.12109796
0,0.12468697268912507,0.14,0.050286528
0,0.0890611716042573,0.03,0.009753267
0,0.27271007156121563,0.11,0.05924181
0,0.18506601212959747,0.02,0.0013088227
0,0.13155294630068842,0.27,0.11287418
1,0.17581752984387125,0.19,0.040010363
1,0.1179072753574558,0.0,0.0031444333
1,0.3606234461000065,0.86,0.9435844
0,0.16790621205118456,0.01,0.0031350283
0,0.11463180485303388,0.17,0.032426078
0,0.12468697268912507,0.03,0.0021754443
0,0.14664974592522406,0.26,0.004007883
0,0.4669794850768369,0.47,0.16532579
0,0.2738785856898918,0.07,0.010117138
0,0.1349714917431766,0.0,0.0055744564
0,0.6498395743362073,0.42,0.44885942
0,0.26161661075857506,0.1,0.00971286
1,0.4360088458299059,0.13,0.07686586
0,0.1424427037125816,0.12,0.22191158
0,0.2046806000026874,0.13,0.08518324
0,0.0749654000751385,0.0,0.0010900539
0,0.1545116303649024,0.21,0.04219299
0,0.17172215889258288,0.11,0.006151933
0,0.1179072753574558,0.11,0.14980072
0,0.06860566858538067,0.08,0.0037049784
0,0.13899363697381537,0.09,0.007211239
0,0.11155555588860706,0.24,0.06554093
1,0.08411522214392046,0.15,0.06858685
1,0.18064363821005666,0.38,0.3893913
0,0.26161661075857506,0.41,0.24313946
0,0.09435964163291091,0.16,0.0055531235
1,0.39841448247353806,0.73,0.6594687
0,0.04411823697016142,0.07,0.002582578
0,0.041597053517915546,0.01,0.00020278947
0,0.08411522214392046,0.08,0.010847409
0,0.45082079758049803,0.02,0.007314475
0,0.12456993952147402,0.02,0.0026202544
0,0.3757612507786668,0.2,0.061651196
0,0.1584179519705158,0.16,0.093643874
0,0.10560636280608836,0.03,0.0071887397
0,0.17682782361542904,0.16,0.12150261
0,0.0749654000751385,0.02,0.00025360234
0,0.15114598702221896,0.08,0.009593138
1,0.42704182697153487,0.23,0.056638382
0,0.08642372155578099,0.0,0.00027964835
1,0.19990448826159285,0.57,0.5403535
1,0.26161661075857506,0.82,0.9821025
0,0.40552949689650725,0.19,0.057519734
1,0.6285928975675416,0.92,0.9912105
0,0.20485528482497514,0.07,0.0127446
0,0.3757612507786668,0.38,0.5536549
0,0.07949846241372795,0.01,0.0032339648
0,0.11463180485303388,0.12,0.01282422
0,0.18611744905072652,0.3,0.21442543
0,0.1584179519705158,0.26,0.27368954
0,0.09691954213194186,0.21,0.021692257
0,0.2259856560013855,0.31,0.08516073
0,0.1502556414325473,0.18,0.22310747
0,0.2553012675915263,0.84,0.98290557
0,0.20485528482497514,0.1,0.01245058
0,0.09158105789854275,0.02,0.0008307849
0,0.0749654000751385,0.06,0.0031671922
0,0.08411522214392046,0.2,0.024283266
0,0.1852278555893168,0.02,0.0013439301
0,0.0890611716042573,0.12,0.067736685
1,0.3402279140343067,0.43,0.15905875
0,0.06673834584419841,0.01,0.00016105825
0,0.26737442629518987,0.08,0.009794979
0,0.2994473534870561,0.51,0.6575484
0,0.19008743583103485,0.05,0.0029308354
1,0.420693596960761,0.62,0.8032123
0,0.12468697268912507,0.24,0.3300191
0,0.1424427037125816,0.13,0.19318855
0,0.05935623273048499,0.0,0.00074308587
0,0.12102063749670848,0.05,0.041547608
0,0.0890611716042573,0.04,0.0076768226
0,0.08411522214392046,0.11,0.018040083
0,0.16693655414410713,0.03,0.0070723253
0,0.09984229450924514,0.08,0.005509609
1,0.2738785856898918,0.82,0.9470196
0,0.2994473534870561,0.11,0.006624682
0,0.1502556414325473,0.13,0.09269452
1,0.27929454502497497,0.52,0.43381932
0,0.6124804439576457,0.18,0.03900271
0,0.04683263279338542,0.0,0.00015367198
0,0.16300713616054388,0.09,0.0041456115
0,0.332070919740486,0.03,0.0075428784
0,0.5972758478696071,0.04,0.024065157
0,0.16693655414410713,0.09,0.006898243
0,0.16708579372762447,0.02,0.018696602
0,0.23711389496199015,0.42,0.23367542
0,0.3183458242796281,0.15,0.035139617
0,0.13886530572224498,0.26,0.12739685
0,0.34608731926959957,0.01,0.012852998
0,0.17581752984387125,0.09,0.019254848
0,0.1180188928340928,0.49,0.08133049
0,0.21622779358302818,0.04,0.020252751
0,0.05595858926858609,0.04,0.003569225
0,0.14664974592522406,0.06,0.0033144385
1,0.3183458242796281,0.13,0.028263148
1,0.47518984315953705,0.84,0.99950063
0,0.16693655414410713,0.08,0.0022797568
0,0.34608731926959957,0.35,0.03689906
0,0.27249735457163854,0.7,0.8680441
0,0.1503926606101201,0.07,0.0034312226
0,0.13886530572224498,0.07,0.0045058853
1,0.10243542153190564,0.12,0.004390608
0,0.1349714917431766,0.0,0.004328858
1,0.2150511998049313,0.49,0.47191125
0,0.1316755532034512,0.07,0.011073622
0,0.2046806000026874,0.1,0.026524689
0,0.08161111885781873,0.1,0.019249052
0,0.04416349900497932,0.06,0.00083497446
1,0.16286082727375206,0.15,0.03527297
1,0.09207171800217781,0.41,0.009479462
0,0.06300972105960757,0.0,0.00066474697
0,0.36722651402912865,0.34,0.09596527
0,0.15114598702221896,0.01,0.0017494138
0,0.12783373469455242,0.0,0.0039500594
0,0.12783373469455242,0.09,0.044855934
0,0.16708579372762447,0.04,0.002919021
1,0.12456993952147402,0.23,0.24980395
0,0.19468607125863374,0.08,0.0020565318
0,0.22701645661330458,0.21,0.33869836
0,0.22579806951544695,0.09,0.018277919
0,0.1502556414325473,0.04,0.01739462
0,0.10833117891949871,0.08,0.02767102
0,0.18611744905072652,0.1,0.13954404
0,0.16693655414410713,0.1,0.05579427
1,0.6208676694057321,0.8,0.8349193
0,0.05274452682736037,0.01,0.00016911249
0,0.12113479751245324,0.15,0.0035655692
0,0.12456993952147402,0.04,0.0010567156
0,0.05274452682736037,0.01,7.183621e-05
0,0.08161111885781873,0.19,0.039919436
0,0.504705578953994,0.04,0.0067956652
1,0.12783373469455242,0.2,0.020133909
1,0.22579806951544695,0.79,0.98127717
0,0.15934759383625335,0.04,0.0012386845
0,0.17581752984387125,0.1,0.059544493
1,0.5205999196548512,0.78,0.9456294
0,0.17597303182038934,0.01,0.0063778567
0,0.15934759383625335,0.07,0.014070524
1,0.07074145897362832,0.06,0.039512645
0,0.24971482552402205,0.17,0.03279358
0,0.3899415803443852,0.19,0.010362728
1,0.1180188928340928,0.07,0.0017078815
0,0.05595858926858609,0.14,0.010637429
1,0.2046806000026874,0.03,0.001613529
0,0.15856102551379528,0.14,0.01898219
1,0.3127314737527126,0.57,0.45080376
0,0.09984229450924514,0.1,0.016358165
0,0.26161661075857506,0.33,0.06612212
0,0.3606234461000065,0.09,0.0059180893
0,0.23817983558600928,0.05,0.0100127915
1,0.07503982462414927,0.76,0.99999475
0,0.2429288720928199,0.02,0.02991058
0,0.17581752984387125,0.11,0.08874599
0,0.11155555588860706,0.0,0.002112161
0,0.06673834584419841,0.11,0.0051552043
0,0.21009702205641018,0.16,0.06149861
0,0.10833117891949871,0.05,0.009677005
0,0.16790621205118456,0.03,0.015271853
0,0.07941999547845319,0.01,0.0009877871
0,0.31857865871045493,0.12,0.059675984
0,0.10550508031195226,0.06,0.005136121
0,0.26737442629518987,0.12,0.08273555
0,0.0749654000751385,0.03,0.010781861
0,0.05935623273048499,0.0,0.00015835314
1,0.3112382864437366,0.6,0.6578697
0,0.12795338601381218,0.05,0.047901794
0,0.2046806000026874,0.57,0.43498373
0,0.13509678908900924,0.06,0.010069001
0,0.08419790368137989,0.06,0.004224503
0,0.09435964163291091,0.08,0.0012005148
1,0.10243542153190564,0.48,0.9073177
0,0.05595858926858609,0.07,0.0016930158
0,0.08161111885781873,0.05,0.0004039351
1,0.36884446458040293,0.76,0.9347441
0,0.09984229450924514,0.02,0.0046206494
0,0.3112382864437366,0.12,0.052506078
1,0.49820672385828063,0.89,0.93795377
0,0.16300713616054388,0.15,0.0039361794
0,0.49820672385828063,0.87,0.9082432
0,0.16693655414410713,0.21,0.08512683
1,0.39674835843669615,0.81,0.9839394
0,0.1025340950088642,0.03,0.008771721
1,0.09974592357401954,0.05,0.03706802
0,0.2553012675915263,0.03,0.005275981
0,0.07949846241372795,0.05,0.004932859
0,0.04411823697016142,0.01,0.0003857399
0,0.08419790368137989,0.04,0.0021982624
0,0.13899363697381537,0.08,0.002144988
0,0.19577903333066957,0.19,0.28566587
0,0.18506601212959747,0.22,0.34822685
0,0.1179072753574558,0.02,0.002732071
0,0.32633039345718085,0.73,0.7762242
0,0.19025264542520834,0.16,0.043607704
0,0.1316755532034512,0.15,0.27044767
0,0.3612069068365152,0.19,0.014880968
0,0.21069547560588414,0.11,0.051056925
0,0.05935623273048499,0.0,0.0007093736
1,0.2850724186440323,0.05,0.03431357
1,0.18506601212959747,0.1,0.038959928
0,0.09426800852547251,0.06,0.012908669
0,0.12102063749670848,0.07,0.0045245434
0,0.06673834584419841,0.1,0.0111874165
0,0.06673834584419841,0.04,0.002806745
0,0.15856102551379528,0.04,0.0025636763
1,0.2259856560013855,0.52,0.58504814
0,0.09974592357401954,0.06,0.009764511
1,0.0890611716042573,0.02,0.000867616
0,0.0890611716042573,0.01,0.00053896743
1,0.29799009222115097,0.94,0.9999479
0,0.13886530572224498,0.0,0.0007817948
0,0.1503926606101201,0.09,0.052940372
0,0.09984229450924514,0.07,0.013883685
0,0.056015286784672116,0.01,0.00012083385
1,0.10560636280608836,0.14,0.04448317
0,0.10550508031195226,0.01,0.001546686
0,0.1502556414325473,0.01,0.01645875
0,0.19008743583103485,0.31,0.038633727
1,0.19468607125863374,0.19,0.1059999
1,0.5132089288186784,0.57,0.85836405
0,0.0914918504933156,0.03,0.0030345633
0,0.16286082727375206,0.28,0.2566751
0,0.056015286784672116,0.0,0.00019001849
1,0.16693655414410713,0.06,0.007328233
0,0.07941999547845319,0.03,0.013011339
1,0.2738785856898918,0.25,0.58908594
1,0.32633039345718085,0.24,0.06857798
0,0.06294641600219503,0.04,0.0003273261
0,0.15114598702221896,0.3,0.09655996
0,0.19577903333066957,0.01,0.0037255578
0,0.08411522214392046,0.04,0.013526626
0,0.7482200408395429,0.68,0.98521036
0,0.0914918504933156,0.02,0.005385352
1,0.27249735457163854,0.35,0.11235006
0,0.21622779358302818,0.06,0.024823638
0,0.17682782361542904,0.26,0.10439316
0,0.17682782361542904,0.0,0.004650089
1,0.45144715161976395,0.6,0.8006186
0,0.19064264890752985,0.1,0.06618493
0,0.16693655414410713,0.06,0.0067088883
0,0.13886530572224498,0.1,0.0011673799
0,0.06294641600219503,0.01,0.00093672815
0,0.26737442629518987,0.13,0.030999014
1,0.23161057889586326,0.37,0.16607203
1,0.2602750532909016,0.28,0.3633923
0,0.10560636280608836,0.0,0.0014294712
0,0.0594161560906166,0.11,0.011384978
0,0.0749654000751385,0.0,0.0011613695
1,0.10243542153190564,0.06,0.0005428569
1,0.44267633462063216,0.35,0.1295516
0,0.23711389496199015,0.14,0.015535011
0,0.1424427037125816,0.0,0.005834263
0,0.1025340950088642,0.29,0.02177367
0,0.24861410850568239,0.27,0.3888745
0,0.1584179519705158,0.23,0.059623245
0,0.13155294630068842,0.2,0.07128731
0,0.12861132745050602,0.03,0.019633386
1,0.3112382864437366,0.64,0.95429826
0,0.14257379362574826,0.01,0.0032540408
1,0.1584179519705158,0.1,0.026227545
0,0.04411823697016142,0.05,0.00043237896
0,0.14651554875677528,0.32,0.06764273
0,0.17156963117389576,0.04,0.0016763932
0,0.1502556414325473,0.59,0.736296
0,0.10843484552306676,0.06,0.008054166
1,0.49820672385828063,0.37,0.17510797
0,0.30569307098001747,0.19,0.03348717
0,0.05595858926858609,0.02,0.0034901479
0,0.08411522214392046,0.04,0.009775794
0,0.11452297479729641,0.02,0.0038897796
1,0.17682782361542904,0.08,0.016217388
0,0.0914918504933156,0.0,0.00037526144
0,0.12783373469455242,0.0,0.00094349525
0,0.2553012675915263,0.26,0.04021931
1,0.3469030171289413,0.32,0.2914934
0,0.08914824157915796,0.28,0.063300006
0,0.13155294630068842,0.04,0.0033843524
0,0.3544059261009283,0.22,0.6467964
0,0.10833117891949871,0.04,0.008612295
0,0.1584179519705158,0.06,0.0011877917
0,0.06673834584419841,0.07,0.009210223
0,0.39054350166192797,0.36,0.28199136
1,0.23691989861273868,0.37,0.30937567
0,0.07074145897362832,0.04,0.0068606944
1,0.23161057889586326,0.39,0.83314013
0,0.0890611716042573,0.03,0.0052449107
0,0.21027510734252633,0.07,0.007320592
0,0.10833117891949871,0.2,0.038091857
0,0.6124804439576457,0.28,0.017254112
0,0.1503926606101201,0.01,0.0051189647
0,0.2850724186440323,0.07,0.05332207
0,0.2738785856898918,0.16,0.040234264
0,0.27271007156121563,0.4,0.5381896
0,0.09974592357401954,0.02,0.0048617898
0,0.537648780011184,0.32,0.4484305
0,0.29258064769426106,0.15,0.11576167
0,0.22701645661330458,0.2,0.030039564
0,0.08411522214392046,0.04,0.0012067948
0,0.11155555588860706,0.36,0.09908537
1,0.19468607125863374,0.42,0.19128498
1,0.6912535482536422,0.94,0.9914498
0,0.16300713616054388,0.4,0.18941498
0,0.07074145897362832,0.05,0.002511221
0,0.07941999547845319,0.0,0.0056640585
0,0.2150511998049313,0.34,0.088826545
0,0.11166192163629532,0.11,0.0011466591
0,0.10550508031195226,0.03,0.0021140592
0,0.10550508031195226,0.02,0.0009150404
1,0.41207143631879006,0.41,0.31147626
0,0.15498281668559158,0.52,0.07814042
0,0.24971482552402205,0.11,0.033572644
0,0.29799009222115097,0.16,0.06519671
0,0.17156963117389576,0.67,0.7055538
0,0.29821455198278174,0.08,0.028277665
1,0.24841376696423775,0.93,0.99994504
0,0.19468607125863374,0.11,0.024842296
0,0.3606234461000065,0.09,0.0068942825
0,0.36884446458040293,0.66,0.80647963
1,0.4360088458299059,0.61,0.8458368
0,0.2738785856898918,0.08,0.0048946873
0,0.1502556414325473,0.08,0.0021656537
0,0.17597303182038934,0.02,0.0018138464
0,0.1349714917431766,0.0,0.0056091794
0,0.17581752984387125,0.14,0.13020971
0,0.24971482552402205,0.62,0.45387846
0,0.20581533121074916,0.21,0.019458331
0,0.771048842960253,0.16,0.011305703
0,0.09435964163291091,0.24,0.018402522
0,0.07074145897362832,0.18,0.003682548
0,0.19577903333066957,0.01,0.026591456
1,0.17156963117389576,0.82,0.99989635
0,0.17581752984387125,0.27,0.018800873
0,0.1180188928340928,0.07,0.0383327
0,0.16708579372762447,0.01,0.0045169266
0,0.20581533121074916,0.37,0.2869259
0,0.09426800852547251,0.02,0.0063709863
1,0.20485528482497514,0.23,0.015076183
0,0.1424427037125816,0.08,0.058860157
1,0.231801548449799,0.2,0.03601544
0,0.1180188928340928,0.12,0.038586643
0,0.5285504058078633,0.15,0.0068035643
1,0.23691989861273868,0.33,0.4607617
0,0.0968256888737336,0.09,0.07057445
0,0.1349714917431766,0.06,0.013060781
0,0.11166192163629532,0.05,0.010433688
0,0.0890611716042573,0.0,0.0012780775
1,0.2994473534870561,0.52,0.64215153
0,0.11523029763693717,0.06,0.0011503098
0,0.17682782361542904,0.05,0.09210077
0,0.13155294630068842,0.14,0.01218613
0,0.2046806000026874,0.07,0.0021395506
1,0.10833117891949871,0.09,0.025059436
0,0.2046806000026874,0.15,0.0111039085
0,0.08411522214392046,0.07,0.0062231417
0,0.06673834584419841,0.0,0.0002845958
1,0.12456993952147402,0.31,0.20077218
0,0.12102063749670848,0.02,0.003055226
0,0.13886530572224498,0.18,0.02460464
0,0.12783373469455242,0.07,0.0071716043
0,0.17682782361542904,0.3,0.1649706
0,0.17597303182038934,0.12,0.09321286
1,0.3049290307424484,0.81,0.7942184
0,0.29258064769426106,0.85,0.993078
0,0.08411522214392046,0.02,0.0005154197
0,0.3757612507786668,0.25,0.17376304
0,0.09207171800217781,0.07,0.000442808
1,0.6354763378971302,0.9,0.9996246
0,0.30569307098001747,0.08,0.014814331
0,0.15856102551379528,0.02,0.0022576575
0,0.16286082727375206,0.37,0.15073793
0,0.09435964163291091,0.04,0.0059180725
0,0.1502556414325473,0.18,0.074561484
0,0.12102063749670848,0.0,0.0042999373
0,0.07074145897362832,0.13,0.00092931854
1,0.4134975884631243,0.75,0.9215554
0,0.05274452682736037,0.04,0.0004945521
0,0.11452297479729641,0.07,0.010336295
0,0.09984229450924514,0.06,0.0075876606
0,0.11155555588860706,0.57,0.5524127
1,0.3835217880674135,0.69,0.21196464
0,0.15498281668559158,0.16,0.006488033
1,0.45144715161976395,0.83,0.9982904
0,0.18064363821005666,0.09,0.019688828
0,0.2150511998049313,0.33,0.07390634
0,0.07941999547845319,0.29,0.019201193
0,0.11166192163629532,0.11,0.04488948
0,0.0890611716042573,0.03,0.014492081
0,0.16693655414410713,0.26,0.0036436599
0,0.09974592357401954,0.08,0.009065951
0,0.27980400564519803,0.04,0.009313819
0,0.08411522214392046,0.04,0.005354421
1,0.47518984315953705,0.26,0.40085033
0,0.22701645661330458,0.09,0.007721362
0,0.0914918504933156,0.09,0.013496575
0,0.09974592357401954,0.04,0.010051591
0,0.17172215889258288,0.28,0.017688304
1,0.19990448826159285,0.33,0.14050083
0,0.25482063560050144,0.02,0.018690918
0,0.14257379362574826,0.05,0.0027522852
0,0.09984229450924514,0.09,0.01689615
0,0.13899363697381537,0.04,0.00066074316
0,0.2738785856898918,0.37,0.41160458
0,0.07941999547845319,0.0,0.0005169565
1,0.5138408604918197,0.7,0.8633466
1,0.3183458242796281,0.48,0.7689254
0,0.3191280472416421,0.26,0.03382742
0,0.19468607125863374,0.06,0.0014338566
0,0.12468697268912507,0.08,0.023885783
0,0.2790786628638936,0.4,0.05105744
1,0.47518984315953705,0.41,0.7653891
0,0.21622779358302818,0.34,0.25955504
0,0.09974592357401954,0.01,0.0004750936
0,0.23817983558600928,0.49,0.4167311
0,0.2046806000026874,0.04,0.002050605
1,0.26161661075857506,0.81,0.9950726
0,0.0749654000751385,0.12,0.01958178
1,0.16286082727375206,0.61,0.68558174
0,0.08650845791665619,0.08,0.0035218298
0,0.12176257307282148,0.18,0.0067794886
1,0.35281590638067584,0.25,0.32119164
0,0.13155294630068842,0.01,0.00094699406
0,0.1502556414325473,0.01,0.0072997296
0,0.19064264890752985,0.2,0.024280354
0,0.18611744905072652,0.12,0.037408985
1,0.537648780011184,0.6,0.4842684
0,0.06294641600219503,0.06,0.00292881
0,0.05274452682736037,0.14,0.0017550822
0,0.15114598702221896,0.27,0.010112458
0,0.18064363821005666,0.39,0.18871257
0,0.12456993952147402,0.02,0.0013833375
0,0.19008743583103485,0.51,0.64964014
1,0.19485431606419867,0.76,0.9917032
0,0.1025340950088642,0.03,0.0006892396
0,0.07503982462414927,0.11,0.06712855
0,0.11166192163629532,0.03,0.000179871
1,0.17156963117389576,0.42,0.57647264
1,0.18506601212959747,0.39,0.4149958
1,0.504705578953994,0.72,0.9990384
0,0.18506601212959747,0.13,0.009713506
0,0.16693655414410713,0.05,0.001196452
0,0.18611744905072652,0.15,0.026640782
1,0.21027510734252633,0.49,0.70938826
0,0.23711389496199015,0.1,0.0031009337
0,0.04970534898287902,0.05,0.00063622004
0,0.40552949689650725,0.11,0.015142309
0,0.11155555588860706,0.0,0.00046643548
0,0.29799009222115097,0.18,0.05777308
0,0.14329456042853583,0.05,0.013228335
0,0.23711389496199015,0.11,0.021332791
0,0.13578574272972732,0.07,0.0009545689
0,0.07074145897362832,0.28,0.17124447
0,0.5205999196548512,0.32,0.038275365
0,0.14329456042853583,0.01,0.0012902522
0,0.14329456042853583,0.02,0.0010593307
0,0.15465182426222343,0.28,0.49588898
0,0.13886530572224498,0.12,0.021978416
1,0.2994473534870561,0.11,0.007222882
1,0.4360088458299059,0.62,0.7970114
1,0.30569307098001747,0.35,0.31651583
0,0.16286082727375206,0.27,0.078809276
1,0.36884446458040293,0.68,0.6308148
0,0.23691989861273868,0.22,0.06234628
0,0.11166192163629532,0.05,0.0060041198
0,0.2046806000026874,0.18,0.026439127
1,0.45144715161976395,0.71,0.75955665
0,0.07074145897362832,0.0,0.005318372
0,0.17581752984387125,0.05,0.008702165
0,0.0890611716042573,0.03,0.00901494
0,0.3328703986556711,0.22,0.124551035
0,0.27271007156121563,0.27,0.18047917
0,0.0968256888737336,0.11,0.0029944982
0,0.2553012675915263,0.09,0.26141047
0,0.10243542153190564,0.1,0.010367061
0,0.07941999547845319,0.0,0.00017023107
0,0.4819444947338481,0.06,0.009885883
0,0.13899363697381537,0.06,0.003387941
0,0.2994473534870561,0.07,0.006134001
0,0.18611744905072652,0.17,0.16949959
1,0.29821455198278174,0.42,0.55949837
0,0.3469030171289413,0.15,0.04592242
1,0.5531562247080211,0.91,0.98028743
0,0.14329456042853583,0.01,0.020956775
0,0.1503926606101201,0.04,0.0037123992
0,0.0749654000751385,0.0,0.0012199223
0,0.05274452682736037,0.03,0.0019252808
1,0.2850724186440323,0.82,0.94468516
0,0.06477995930544496,0.43,0.02138854
0,0.10550508031195226,0.22,0.070525005
1,0.420693596960761,0.33,0.7489716
1,0.13886530572224498,0.23,0.017389966
0,0.20048127749014397,0.23,0.13598835
0,0.39054350166192797,0.23,0.028111825
0,0.20581533121074916,0.02,0.0050070337
0,0.0890611716042573,0.01,0.0036227633
0,0.3674758261953746,0.2,0.12808888
0,0.11452297479729641,0.21,0.099880144
0,0.14257379362574826,0.01,0.0044340175
0,0.0749654000751385,0.01,0.0010796259
0,0.13155294630068842,0.06,0.0007096752
0,0.1584179519705158,0.06,0.0059485985
0,0.07074145897362832,0.06,0.0027779383
0,0.08161111885781873,0.01,0.0013757499
0,0.09974592357401954,0.21,0.08957337
0,0.1545116303649024,0.03,0.00486872
0,0.13509678908900924,0.34,0.06124722
0,0.07074145897362832,0.0,0.00029641093
0,0.18611744905072652,0.28,0.052405868
1,0.13155294630068842,0.65,0.99995965
0,0.11166192163629532,0.43,0.36380967
1,0.08419790368137989,0.02,0.004308148
1,0.17172215889258288,0.37,0.111512855
0,0.08650845791665619,0.14,0.006137722
0,0.14664974592522406,0.27,0.023844501
0,0.16300713616054388,0.05,0.0062889312
0,0.4669794850768369,0.34,0.7349275
0,0.12795338601381218,0.0,0.0040489873
0,0.19064264890752985,0.51,0.11911797
1,0.28529110249009,0.24,0.72493666
0,0.0890611716042573,0.02,0.00070190453
0,0.07074145897362832,0.05,0.004079496
0,0.11452297479729641,0.18,0.09180468
0,0.21069547560588414,0.15,0.02044649
0,0.27249735457163854,0.38,0.5288774
0,0.20581533121074916,0.26,0.26060516
1,0.07503982462414927,0.09,0.0049917432
0,0.10843484552306676,0.08,0.0006203638
0,0.22579806951544695,0.02,0.0087285265
1,0.5671170922528292,0.52,0.9063107
0,0.09426800852547251,0.28,0.08849711
0,0.3328703986556711,0.27,0.010928455
0,0.06673834584419841,0.0,0.0009778874
0,0.5901363056335657,0.1,0.0009997264
0,0.5671170922528292,0.05,0.032402292
1,0.6354763378971302,0.48,0.1373646
1,0.23691989861273868,0.39,0.27296123
0,0.08411522214392046,0.01,0.0010944825
0,0.39841448247353806,0.54,0.75799924
1,0.3818784093597471,0.84,0.9998506
0,0.12456993952147402,0.23,0.014241471
0,0.1852278555893168,0.1,0.022889424
0,0.09426800852547251,0.17,0.078941524
0,0.4669794850768369,0.55,0.8332629
0,0.0890611716042573,0.0,0.0080877915
0,0.19064264890752985,0.14,0.01368216
1,0.49820672385828063,0.88,0.9529336
0,0.13886530572224498,0.33,0.02557936
0,0.13886530572224498,0.2,0.1265421
0,0.15856102551379528,0.03,0.004546146
0,0.16286082727375206,0.3,0.22919926
1,0.11452297479729641,0.09,0.038584802
0,0.10550508031195226,0.1,0.01123727
0,0.12783373469455242,0.03,0.014680654
0,0.11155555588860706,0.06,0.0038363666
1,0.5294479586585861,0.64,0.77828056
0,0.09426800852547251,0.01,0.004997061
0,0.0749654000751385,0.0,0.0011555848
0,0.0914918504933156,0.1,0.043375414
0,0.26737442629518987,0.3,0.021632165
0,0.23817983558600928,0.06,0.003966572
1,0.4669794850768369,0.33,0.029689707
0,0.04970534898287902,0.03,0.0026876747
0,0.1179072753574558,0.02,0.0021550087
0,0.41181156675635033,0.73,0.89541787
0,0.18064363821005666,0.25,0.08507087
0,0.16708579372762447,0.09,0.07091655
0,0.41981592304037285,0.07,0.009707908
0,0.20485528482497514,0.1,0.016552547
1,0.22066591338761263,0.68,0.9836659
0,0.1316755532034512,0.07,0.001903068
0,0.11452297479729641,0.09,0.006854186
0,0.11155555588860706,0.12,0.0027087363
0,0.18611744905072652,0.08,0.09875502
0,0.13899363697381537,0.18,0.10497703
1,0.32633039345718085,0.74,0.56825775
1,0.21027510734252633,0.7,0.8944701
0,0.1502556414325473,0.08,0.008915837
1,0.24971482552402205,0.87,0.9516144
0,0.06673834584419841,0.0,0.000430825
1,0.7044411901798179,0.84,0.99549025
0,0.12783373469455242,0.11,0.0036576565
0,0.12468697268912507,0.02,0.009352131
0,0.08411522214392046,0.04,0.0041963216
0,0.13886530572224498,0.14,0.024665527
0,0.7698185005190458,0.02,0.0022169002
0,0.4351232195202287,0.07,0.026845703
0,0.20485528482497514,0.14,0.015297115
0,0.18506601212959747,0.26,0.053755414
1,0.2994473534870561,0.26,0.10577618
0,0.05595858926858609,0.04,0.00057756493
0,0.12456993952147402,0.14,0.0034320643
0,0.09158105789854275,0.23,0.023954019
1,0.36722651402912865,0.84,0.9640898
0,0.08161111885781873,0.07,0.0062936787
0,0.5443703412550999,0.21,0.0070088017
1,0.4287447516388816,0.54,0.5979815
0,0.30569307098001747,0.06,0.045435935
0,0.1349714917431766,0.03,0.0041399165
0,0.11452297479729641,0.05,0.001161843
0,0.18506601212959747,0.03,0.021240937
1,0.5449976849348384,0.3,0.19435278
0,0.17581752984387125,0.09,0.029809063
0,0.1545116303649024,0.27,0.35067564
0,0.2553012675915263,0.04,0.00825277
0,0.12456993952147402,0.03,0.0023800477
1,0.24841376696423775,0.38,0.28571725
1,0.45144715161976395,0.7,0.84540236
0,0.2152323401878998,0.2,0.013642006
0,0.05935623273048499,0.18,0.001762559
1,0.10550508031195226,0.07,0.0067824954
0,0.3612069068365152,0.19,0.05230056
0,0.1584179519705158,0.08,0.016764665
0,0.1502556414325473,0.04,0.0063719484
0,0.13155294630068842,0.02,0.0005146463
0,0.056015286784672116,0.26,0.002152532
1,0.17156963117389576,0.26,0.55397797
0,0.4351232195202287,0.42,0.3023671
0,0.5441042525618597,0.07,0.014412263
0,0.7298059880956776,0.19,0.4355757
0,0.14257379362574826,0.24,0.05166298
0,0.3328703986556711,0.19,0.0070557096
0,0.11155555588860706,0.22,0.023511346
0,0.04975604461670358,0.09,0.0021522546
0,0.07503982462414927,0.26,0.013311269
1,0.14651554875677528,0.28,0.10567678
0,0.18064363821005666,0.04,0.024092615
0,0.28529110249009,0.51,0.3750813
0,0.08419790368137989,0.03,0.010675603
0,0.1180188928340928,0.03,0.05148509
0,0.08419790368137989,0.06,0.0041034333
0,0.0890611716042573,0.08,0.004092314
0,0.231801548449799,0.26,0.117721274
1,0.4581589412766306,0.44,0.19868246
0,0.1179072753574558,0.0,0.012004047
0,0.04416349900497932,0.01,0.00020049198
1,0.3250382670756779,0.86,0.9999711
0,0.15465182426222343,0.31,0.0084895445
0,0.13155294630068842,0.11,0.0030205937
0,0.04970534898287902,0.05,0.0034376075
0,0.1545116303649024,0.02,0.0009882278
1,0.15465182426222343,0.26,0.0628962
1,0.35281590638067584,0.27,0.4095567
0,0.10550508031195226,0.19,0.018629922
1,0.2150511998049313,0.19,0.1992953
0,0.1179072753574558,0.0,0.0028797127
0,0.1424427037125816,0.02,0.00337676
0,0.07949846241372795,0.18,0.0012323816
0,0.08411522214392046,0.08,0.01024164
0,0.1180188928340928,0.01,0.00082237896
0,0.7863041208252581,0.11,0.00036680454
0,0.19485431606419867,0.11,0.010270836
0,0.10843484552306676,0.02,0.00080280274
0,0.18064363821005666,0.38,0.344028
0,0.09426800852547251,0.0,0.00040137794
0,0.05274452682736037,0.02,0.0003935233
0,0.07941999547845319,0.02,0.0014123901
0,0.24971482552402205,0.1,0.0011977913
0,0.0594161560906166,0.03,0.00051978027
0,0.14664974592522406,0.04,0.0008498495
0,0.23161057889586326,0.85,0.94524777
0,0.05935623273048499,0.06,0.012472062
0,0.11155555588860706,0.0,0.0022881136
0,0.036885974905470284,0.11,0.00037644387
0,0.07074145897362832,0.01,0.00042577766
1,0.7298059880956776,0.44,0.55411994
0,0.09974592357401954,0.08,0.019052226
1,0.3328703986556711,0.34,0.29548797
0,0.0890611716042573,0.05,0.0017764879
0,0.17682782361542904,0.06,0.027783668
0,0.39054350166192797,0.26,0.05908577
0,0.1502556414325473,0.09,0.038505454
0,0.22066591338761263,0.3,0.28186485
0,0.6639361559609709,0.3,0.19681194
1,0.15498281668559158,0.24,0.062322702
0,0.08411522214392046,0.04,0.020736175
0,0.12113479751245324,0.07,0.0032661594
1,0.7044411901798179,0.66,0.7025787
0,0.1584179519705158,0.02,0.00086137495
0,0.07081201106855864,0.25,0.024018072
0,0.09974592357401954,0.0,0.00026702188
0,0.2046806000026874,0.25,0.16930564
0,0.14651554875677528,0.09,0.011809252
0,0.16300713616054388,0.27,0.05641415
0,0.19468607125863374,0.03,0.0047275727
1,0.1545116303649024,0.77,0.9999945
1,0.23691989861273868,0.95,0.99973875
0,0.3821316616375599,0.0,0.02021822
0,0.5132089288186784,0.19,0.012337681
0,0.06673834584419841,0.07,0.026748357
0,0.19468607125863374,0.04,0.0017446057
0,0.10243542153190564,0.03,0.0032233358
0,0.0890611716042573,0.02,0.020311654
0,0.1424427037125816,0.09,0.0097607225
1,0.18506601212959747,0.07,0.048001576
0,0.5049737418306961,0.33,0.38527098
1,0.18611744905072652,0.22,0.122953184
1,0.28529110249009,0.8,0.8689943
0,0.1316755532034512,0.3,0.046306174
0,0.22579806951544695,0.33,0.27448303
0,0.18611744905072652,0.3,0.014894858
0,0.24841376696423775,0.2,0.11072883
0,0.1584179519705158,0.06,0.006684639
0,0.12783373469455242,0.25,0.152968
0,0.1316755532034512,0.01,0.0028550595
0,0.3463301348025309,0.06,0.0065107564
0,0.2864922889939251,0.55,0.6075106
1,0.14651554875677528,0.06,0.003702976
0,0.17581752984387125,0.13,0.025539776
0,0.09435964163291091,0.08,0.006675925
1,0.24841376696423775,0.6,0.7310656
0,0.48257609307329835,0.4,0.04083253
0,0.07503982462414927,0.0,0.0010061245
0,0.0890611716042573,0.05,0.0014793327
0,0.0749654000751385,0.0,0.00033585628
0,0.2850724186440323,0.14,0.041417193
0,0.07081201106855864,0.01,0.00030469842
0,0.45144715161976395,0.5,0.9260576
0,0.09426800852547251,0.16,0.035585046
1,0.2602750532909016,0.53,0.40947217
1,0.22066591338761263,0.97,0.9255989
1,0.49080816766594304,0.92,0.9671132
1,0.3469030171289413,0.94,0.9780488
0,0.17682782361542904,0.16,0.00924233
0,0.22579806951544695,0.13,0.014355155
0,0.17597303182038934,0.48,0.9326756
0,0.23817983558600928,0.09,0.013419131
1,0.3751680877440712,0.21,0.029987697
0,0.16790621205118456,0.31,0.1929138
0,0.2994473534870561,0.49,0.1705595
0,0.13886530572224498,0.06,0.011974924
0,0.16708579372762447,0.15,0.17944622
1,0.25461698743163863,0.93,0.95852214
0,0.4734553361231079,0.06,0.0070910547
0,0.7298059880956776,0.42,0.40069216
0,0.17597303182038934,0.23,0.024810653
0,0.072784424741845,0.07,0.0006223509
0,0.09426800852547251,0.06,0.0073204325
0,0.1424427037125816,0.08,0.0043969327
0,0.17581752984387125,0.06,0.027588025
0,0.10550508031195226,0.09,0.001746989
0,0.1424427037125816,0.03,0.004980736
0,0.45082079758049803,0.04,0.011809558
0,0.31146829779594337,0.32,0.3555804
0,0.23711389496199015,0.3,0.162752
0,0.24861410850568239,0.38,0.25955737
1,0.3402279140343067,0.38,0.67211443
0,0.23817983558600928,0.27,0.07521267
0,0.05279814996873529,0.01,0.0002440487
0,0.1316755532034512,0.1,0.049461972
0,0.09426800852547251,0.11,0.022400036
0,0.04411823697016142,0.03,0.00032866572
0,0.08914824157915796,0.02,0.0017788437
0,0.22066591338761263,0.71,0.8246918
0,0.07503982462414927,0.18,0.014071901
0,0.14651554875677528,0.62,0.09912826
1,0.2864922889939251,0.12,0.026722418
0,0.09974592357401954,0.01,0.0016183149
0,0.09984229450924514,0.01,0.0036356035
1,0.3757612507786668,0.57,0.45007628
0,0.09426800852547251,0.04,0.0003243616
0,0.11155555588860706,0.05,0.0055380454
0,0.18506601212959747,0.17,0.009755391
0,0.17172215889258288,0.45,0.68208
0,0.44267633462063216,0.05,0.010056275
0,0.17581752984387125,0.04,0.007628381
0,0.17156963117389576,0.02,0.007809804
1,0.7044411901798179,0.85,0.9981243
0,0.12783373469455242,0.0,0.0016276406
0,0.18506601212959747,0.17,0.06871537
0,0.0968256888737336,0.07,0.0057511576
0,0.10550508031195226,0.01,0.0019298899
1,0.32480296191818386,0.97,0.9999999
0,0.1424427037125816,0.02,0.0026752416
0,0.09974592357401954,0.13,0.024871793
0,0.1502556414325473,0.11,0.01631321
0,0.22128603829004392,0.06,0.017348478
0,0.0749654000751385,0.02,0.0006759034
0,0.14664974592522406,0.35,0.4300233
1,0.44412839388439085,0.7,0.6654897
0,0.10833117891949871,0.1,0.00909017
1,0.15465182426222343,0.06,0.011977976
1,0.29799009222115097,0.66,0.64215547
0,0.05595858926858609,0.01,0.0010827978
0,0.07074145897362832,0.02,0.0034922278
0,0.06673834584419841,0.01,0.00015919065
0,0.07271206125442112,0.05,0.0021897834
0,0.17156963117389576,0.29,0.3678825
0,0.1584179519705158,0.02,0.019739805
0,0.06867424802419647,0.07,0.000976953
0,0.19008743583103485,0.01,0.005647058
0,0.12456993952147402,0.25,0.010694251
0,0.22579806951544695,0.04,0.003679582
0,0.1424427037125816,0.0,0.0015002376
0,0.13899363697381537,0.17,0.049988523
1,0.44412839388439085,0.79,0.965112
0,0.07503982462414927,0.09,0.005741679
0,0.04683263279338542,0.08,0.0017096889
0,0.27249735457163854,0.49,0.6344271
0,0.13155294630068842,0.46,0.04912334
0,0.09691954213194186,0.05,0.008656348
0,0.23691989861273868,0.08,0.0017057314
0,0.08914824157915796,0.14,0.010937839
1,0.17156963117389576,0.18,0.14046554
1,0.32633039345718085,0.74,0.7695974
0,0.2046806000026874,0.79,0.9543584
0,0.12102063749670848,0.11,0.01030496
0,0.1502556414325473,0.05,0.0056535196
1,0.4596199037360324,0.2,0.17984748
0,0.4351232195202287,0.1,0.041083984
0,0.12456993952147402,0.1,0.002944075
0,0.26737442629518987,0.09,0.006563964
0,0.17581752984387125,0.04,0.008145355
0,0.13899363697381537,0.18,0.04030501
1,0.5449976849348384,0.71,0.97312695
0,0.20581533121074916,0.25,0.03081144
0,0.2046806000026874,0.2,0.090735175
1,0.1179072753574558,0.44,0.22947046
0,0.14651554875677528,0.08,0.0040896405
0,0.12783373469455242,0.04,0.0018320759
0,0.06680519255858941,0.06,0.00092203607
1,0.22579806951544695,0.14,0.014164867
0,0.20581533121074916,0.26,0.06913706
0,0.12783373469455242,0.0,0.0050159115
1,0.11523029763693717,0.11,0.003614083
0,0.14257379362574826,0.02,0.013707079
0,0.07074145897362832,0.02,0.0030922312
0,0.15856102551379528,0.04,0.018308612
0,0.22579806951544695,0.28,0.06408965
0,0.6912535482536422,0.62,0.78240746
0,0.15934759383625335,0.15,0.028422795
0,0.15856102551379528,0.11,0.006827285
0,0.08419790368137989,0.03,0.0015685525
0,0.32633039345718085,0.41,0.026977062
0,0.1180188928340928,0.13,0.028191408
1,0.17581752984387125,0.07,0.013935115
0,0.24971482552402205,0.36,0.45087492
0,0.2602750532909016,0.59,0.5176487
1,0.27271007156121563,0.1,0.05836384
1,0.2738785856898918,0.37,0.16303623
0,0.22701645661330458,0.05,0.0045391256
0,0.0968256888737336,0.16,0.02552971
0,0.19990448826159285,0.46,0.6364201
0,0.12456993952147402,0.05,0.0029937609
0,0.11155555588860706,0.07,0.010826622
0,0.3127314737527126,0.5,0.037868757
0,0.10550508031195226,0.0,0.0020938981
0,0.14257379362574826,0.01,0.0026650047
0,0.08650845791665619,0.0,0.00046170794
1,0.4596199037360324,0.81,0.9721681
1,0.7972092958640662,0.76,0.99981356
0,0.19485431606419867,0.08,0.059895694
0,0.24971482552402205,0.08,0.014131334
1,0.20581533121074916,0.81,0.9465161
0,0.31146829779594337,0.13,0.017649993
0,0.2850724186440323,0.15,0.052555855
0,0.14651554875677528,0.09,0.0004999378
0,0.12468697268912507,0.0,0.011542629
0,0.1503926606101201,0.0,0.0052840505
0,0.17172215889258288,0.25,0.13136639
1,0.49820672385828063,0.82,0.8968624
0,0.09984229450924514,0.02,0.0047819307
0,0.3757612507786668,0.33,0.1841163
0,0.0914918504933156,0.06,0.0043288185
0,0.08411522214392046,0.02,0.0006580067
0,0.13155294630068842,0.19,0.012318352
0,0.07074145897362832,0.07,0.004497992
0,0.1179072753574558,0.0,0.0006490846
0,0.16708579372762447,0.23,0.0335686
0,0.10843484552306676,0.13,0.018392248
1,0.45144715161976395,0.72,0.740164
0,0.2850724186440323,0.22,0.061348364
0,0.22701645661330458,0.46,0.3233607
0,0.16693655414410713,0.07,0.0025219182
1,0.3970051383595632,0.32,0.1869292
0,0.12113479751245324,0.02,0.002565441
1,0.49820672385828063,0.91,0.915646
0,0.1316755532034512,0.33,0.056766953
0,0.5668537177361292,0.16,0.10864238
1,0.42704182697153487,0.51,0.21157345
0,0.16708579372762447,0.02,0.006335613
0,0.20581533121074916,0.09,0.026714066
0,0.06673834584419841,0.1,0.008127552
0,0.08161111885781873,0.04,0.015126295
1,0.420693596960761,0.43,0.7327008
0,0.4581589412766306,0.29,0.07034169
0,0.1584179519705158,0.18,0.25234094
0,0.09974592357401954,0.04,0.0009357406
0,0.11463180485303388,0.03,0.0024703944
0,0.041554307417388116,0.03,9.9204946e-05
0,0.5989479795720392,0.48,0.32977673
0,0.17581752984387125,0.04,0.026634209
0,0.07704391075429604,0.14,0.022150751
0,0.18506601212959747,0.12,0.057260245
0,0.12783373469455242,0.08,0.018707445
0,0.12456993952147402,0.03,0.0056019737
0,0.6430750220106476,0.18,0.015213732
0,0.16693655414410713,0.26,0.056662112
0,0.6208676694057321,0.66,0.757851
0,0.06300972105960757,0.39,0.12754914
0,0.19577903333066957,0.04,0.02115834
0,0.2850724186440323,0.46,0.9224609
1,0.3899415803443852,0.37,0.38814518
0,0.12783373469455242,0.03,0.028607942
0,0.07503982462414927,0.08,0.0008026784
1,0.27249735457163854,0.65,0.62918246
0,0.11155555588860706,0.21,0.009376282
1,0.13155294630068842,0.09,0.062119484
0,0.056015286784672116,0.05,0.00047994326
1,0.19025264542520834,0.57,0.8192144
0,0.10550508031195226,0.05,0.0012495088
0,0.07074145897362832,0.1,0.0022621017
0,0.7482200408395429,0.12,0.015083178
1,0.4578926432848192,0.92,0.9768518
0,0.15465182426222343,0.0,0.0033033453
1,0.1584179519705158,0.34,0.021247115
0,0.08419790368137989,0.2,0.069751054
0,0.09984229450924514,0.02,0.0013567914
0,0.1424427037125816,0.06,0.05811385
0,0.10550508031195226,0.03,0.0026180733
0,0.09974592357401954,0.04,0.0069455286
0,0.15856102551379528,0.07,0.001020547
0,0.11166192163629532,0.05,0.00057850924
1,0.3191280472416421,0.03,0.0183876
0,0.45144715161976395,0.22,0.26988062
0,0.07074145897362832,0.11,0.0007221237
0,0.2150511998049313,0.15,0.012945248
0,0.06673834584419841,0.0,0.00044080566
0,0.13155294630068842,0.71,0.9268844
0,0.07941999547845319,0.03,0.0045002596
0,0.14651554875677528,0.02,0.0010456851
0,0.08161111885781873,0.05,0.0079375245
0,0.14651554875677528,0.07,0.004704725
1,0.15465182426222343,0.2,0.036603365
0,0.17581752984387125,0.25,0.35938644
1,0.5910073370289236,0.99,0.99983037
0,0.07941999547845319,0.08,0.00038213108
0,0.17597303182038934,0.03,0.008703635
0,0.17581752984387125,0.05,0.018179622
0,0.09426800852547251,0.01,0.01090834
1,0.11155555588860706,0.32,0.074900806
1,0.2604816454410846,0.41,0.8232548
0,0.1180188928340928,0.04,0.0067683826
0,0.12102063749670848,0.48,0.051245075
0,0.17581752984387125,0.02,0.0010400153
0,0.16693655414410713,0.08,0.02149598
0,0.07704391075429604,0.06,0.0012011623
0,0.14257379362574826,0.06,0.01131718
1,0.23161057889586326,0.75,0.88862467
0,0.0869745427842677,0.06,0.0044453526
0,0.14257379362574826,0.03,0.0074947383
0,0.506444456335931,0.22,0.048381478
0,0.39054350166192797,0.39,0.6905788
0,0.12456993952147402,0.14,0.038389873
0,0.19064264890752985,0.04,0.006801235
0,0.17172215889258288,0.24,0.00929996
1,0.1502556414325473,0.0,0.047666844
1,0.39841448247353806,0.77,0.88197666
0,0.09974592357401954,0.11,0.009322674
0,0.13886530572224498,0.12,0.04496031
0,0.06300972105960757,0.11,0.001974137
0,0.12783373469455242,0.07,0.042329933
0,0.3191280472416421,0.12,0.040876612
0,0.2150511998049313,0.2,0.12759806
0,0.039173637866437974,0.16,0.000615337
0,0.3191280472416421,0.21,0.537072
0,0.3603761341835087,0.09,0.0055968096
0,0.15856102551379528,0.15,0.059298545
0,0.0968256888737336,0.17,0.0458119
0,0.08650845791665619,0.04,0.0013802825
1,0.16708579372762447,0.01,0.059859242
0,0.332070919740486,0.11,0.0054889647
1,0.3818784093597471,0.34,0.23988359
0,0.3751680877440712,0.17,0.04893958
0,0.0968256888737336,0.03,0.007221153
0,0.17172215889258288,0.12,0.002601527
0,0.22128603829004392,0.05,0.015837064
0,0.12456993952147402,0.42,0.035339788
0,0.09984229450924514,0.27,0.06063444
0,0.11155555588860706,0.06,0.009044565
0,0.08213402461317056,0.21,0.0028849603
0,0.6269673863399253,0.01,0.0029033914
1,0.420693596960761,0.5,0.58316386
0,0.23691989861273868,0.19,0.13119635
1,0.5758061439363927,0.77,0.84693253
0,0.05274452682736037,0.14,0.0019230951
1,0.27249735457163854,0.76,0.84449804
1,0.06673834584419841,0.15,0.029139645
1,0.24971482552402205,0.46,0.20864722
